"period","model","threshold","false_positive_weight","outcome_prevalence","action","true_positive_definition","false_positive_definition","TP","FP","FN","TN","net_benefit","net_benefit_all","net_benefit_none","standardized_net_benefit","race_ethnicity_group"
"2024_posthoc_comparative_evaluation","race_neutral_counselling_logistic",0.2,0.25,0.761931604659902,"support_or_encourage_planned_TOLAC","TOLAC_supported_and_VBAC_occurs","TOLAC_supported_but_TOLAC_fails",20275,6332,0,3,0.702442690717775,0.702414505824878,0,0.921923551171393,"Hispanic"
"2024_posthoc_comparative_evaluation","race_neutral_counselling_logistic",0.21,0.265822784810127,0.761931604659902,"support_or_encourage_planned_TOLAC","TOLAC_supported_and_VBAC_occurs","TOLAC_supported_but_TOLAC_fails",20274,6332,1,3,0.698639989725001,0.698647600835319,0,0.91693268195227,"Hispanic"
"2024_posthoc_comparative_evaluation","race_neutral_counselling_logistic",0.22,0.282051282051282,0.761931604659902,"support_or_encourage_planned_TOLAC","TOLAC_supported_and_VBAC_occurs","TOLAC_supported_but_TOLAC_fails",20274,6332,1,3,0.694778327021844,0.694784108538336,0,0.911864428214613,"Hispanic"
"2024_posthoc_comparative_evaluation","race_neutral_counselling_logistic",0.23,0.298701298701299,0.761931604659902,"support_or_encourage_planned_TOLAC","TOLAC_supported_and_VBAC_occurs","TOLAC_supported_but_TOLAC_fails",20274,6331,1,4,0.690827586543483,0.690820265792081,0,0.906679264015885,"Hispanic"
"2024_posthoc_comparative_evaluation","race_neutral_counselling_logistic",0.24,0.315789473684211,0.761931604659902,"support_or_encourage_planned_TOLAC","TOLAC_supported_and_VBAC_occurs","TOLAC_supported_but_TOLAC_fails",20273,6330,2,5,0.686736288296841,0.686752111394608,0,0.901309624245571,"Hispanic"
"2024_posthoc_comparative_evaluation","race_neutral_counselling_logistic",0.25,0.333333333333333,0.761931604659902,"support_or_encourage_planned_TOLAC","TOLAC_supported_and_VBAC_occurs","TOLAC_supported_but_TOLAC_fails",20272,6326,3,9,0.68257547287987,0.68257547287987,0,0.895848746403617,"Hispanic"
"2024_posthoc_comparative_evaluation","race_neutral_counselling_logistic",0.26,0.351351351351351,0.761931604659902,"support_or_encourage_planned_TOLAC","TOLAC_supported_and_VBAC_occurs","TOLAC_supported_but_TOLAC_fails",20271,6321,4,14,0.678320485084859,0.678285952243111,0,0.890264271669944,"Hispanic"
"2024_posthoc_comparative_evaluation","race_neutral_counselling_logistic",0.27,0.36986301369863,0.761931604659902,"support_or_encourage_planned_TOLAC","TOLAC_supported_and_VBAC_occurs","TOLAC_supported_but_TOLAC_fails",20271,6320,4,15,0.673937082052787,0.673878910493017,0,0.884511257875445,"Hispanic"
"2024_posthoc_comparative_evaluation","race_neutral_counselling_logistic",0.28,0.388888888888889,0.761931604659902,"support_or_encourage_planned_TOLAC","TOLAC_supported_and_VBAC_occurs","TOLAC_supported_but_TOLAC_fails",20270,6315,5,20,0.669453839408744,0.669349450916531,0,0.878627209206741,"Hispanic"
"2024_posthoc_comparative_evaluation","race_neutral_counselling_logistic",0.29,0.408450704225352,0.761931604659902,"support_or_encourage_planned_TOLAC","TOLAC_supported_and_VBAC_occurs","TOLAC_supported_but_TOLAC_fails",20269,6314,6,21,0.664789261688129,0.66469240092944,0,0.872505166634827,"Hispanic"
"2024_posthoc_comparative_evaluation","race_neutral_counselling_logistic",0.3,0.428571428571429,0.761931604659902,"support_or_encourage_planned_TOLAC","TOLAC_supported_and_VBAC_occurs","TOLAC_supported_but_TOLAC_fails",20266,6309,9,26,0.65998282063671,0.659902292371289,0,0.866196935000881,"Hispanic"
"2024_posthoc_comparative_evaluation","race_neutral_counselling_logistic",0.31,0.449275362318841,0.761931604659902,"support_or_encourage_planned_TOLAC","TOLAC_supported_and_VBAC_occurs","TOLAC_supported_but_TOLAC_fails",20265,6305,10,30,0.655104052633585,0.654973340086815,0,0.859793777587162,"Hispanic"
"2024_posthoc_comparative_evaluation","race_neutral_counselling_logistic",0.32,0.470588235294118,0.761931604659902,"support_or_encourage_planned_TOLAC","TOLAC_supported_and_VBAC_occurs","TOLAC_supported_but_TOLAC_fails",20264,6305,11,30,0.650016579348763,0.649899418617503,0,0.853116704141583,"Hispanic"
"2024_posthoc_comparative_evaluation","race_neutral_counselling_logistic",0.33,0.492537313432836,0.761931604659902,"support_or_encourage_planned_TOLAC","TOLAC_supported_and_VBAC_occurs","TOLAC_supported_but_TOLAC_fails",20263,6301,12,34,0.64485240090416,0.644674036805824,0,0.846338958720577,"Hispanic"
"2024_posthoc_comparative_evaluation","race_neutral_counselling_logistic",0.34,0.515151515151515,0.761931604659902,"support_or_encourage_planned_TOLAC","TOLAC_supported_and_VBAC_occurs","TOLAC_supported_but_TOLAC_fails",20257,6298,18,37,0.63933016751506,0.639290310090761,0,0.839091282741098,"Hispanic"
"2024_posthoc_comparative_evaluation","race_neutral_counselling_logistic",0.35,0.538461538461538,0.761931604659902,"support_or_encourage_planned_TOLAC","TOLAC_supported_and_VBAC_occurs","TOLAC_supported_but_TOLAC_fails",20252,6288,23,47,0.63382765299338,0.633740930246004,0,0.831869486863322,"Hispanic"
"2024_posthoc_comparative_evaluation","race_neutral_counselling_logistic",0.36,0.5625,0.761931604659902,"support_or_encourage_planned_TOLAC","TOLAC_supported_and_VBAC_occurs","TOLAC_supported_but_TOLAC_fails",20248,6283,27,52,0.62810268695979,0.628018132281097,0,0.824355733662146,"Hispanic"
"2024_posthoc_comparative_evaluation","race_neutral_counselling_logistic",0.37,0.587301587301587,0.761931604659902,"support_or_encourage_planned_TOLAC","TOLAC_supported_and_VBAC_occurs","TOLAC_supported_but_TOLAC_fails",20241,6274,34,61,0.622182256342346,0.622113658190321,0,0.816585442232791,"Hispanic"
"2024_posthoc_comparative_evaluation","race_neutral_counselling_logistic",0.38,0.612903225806452,0.761931604659902,"support_or_encourage_planned_TOLAC","TOLAC_supported_and_VBAC_occurs","TOLAC_supported_but_TOLAC_fails",20234,6265,41,70,0.61609024014741,0.616018717193391,0,0.808589952666958,"Hispanic"
"2024_posthoc_comparative_evaluation","race_neutral_counselling_logistic",0.39,0.639344262295082,0.761931604659902,"support_or_encourage_planned_TOLAC","TOLAC_supported_and_VBAC_occurs","TOLAC_supported_but_TOLAC_fails",20226,6250,49,85,0.609924778679284,0.609723942065414,0,0.800498069576115,"Hispanic"
"2024_posthoc_comparative_evaluation","race_neutral_counselling_logistic",0.4,0.666666666666667,0.761931604659902,"support_or_encourage_planned_TOLAC","TOLAC_supported_and_VBAC_occurs","TOLAC_supported_but_TOLAC_fails",20214,6235,61,100,0.603432293623951,0.603219341099837,0,0.791976983148377,"Hispanic"
"2024_posthoc_comparative_evaluation","race_neutral_counselling_logistic",0.41,0.694915254237288,0.761931604659902,"support_or_encourage_planned_TOLAC","TOLAC_supported_and_VBAC_occurs","TOLAC_supported_but_TOLAC_fails",20201,6215,74,120,0.596847113675883,0.596494245186275,0,0.783334238960062,"Hispanic"
"2024_posthoc_comparative_evaluation","race_neutral_counselling_logistic",0.42,0.724137931034483,0.761931604659902,"support_or_encourage_planned_TOLAC","TOLAC_supported_and_VBAC_occurs","TOLAC_supported_but_TOLAC_fails",20184,6196,91,139,0.589900089414143,0.589537249413625,0,0.774216590841447,"Hispanic"
"2024_posthoc_comparative_evaluation","race_neutral_counselling_logistic",0.43,0.754385964912281,0.761931604659902,"support_or_encourage_planned_TOLAC","TOLAC_supported_and_VBAC_occurs","TOLAC_supported_but_TOLAC_fails",20170,6177,105,158,0.582869518780039,0.582336148526144,0,0.764989291972224,"Hispanic"
"2024_posthoc_comparative_evaluation","race_neutral_counselling_logistic",0.44,0.785714285714286,0.761931604659902,"support_or_encourage_planned_TOLAC","TOLAC_supported_and_VBAC_occurs","TOLAC_supported_but_TOLAC_fails",20143,6156,132,179,0.57520266280131,0.574877865464111,0,0.754926898009512,"Hispanic"
"2024_posthoc_comparative_evaluation","race_neutral_counselling_logistic",0.45,0.818181818181818,0.761931604659902,"support_or_encourage_planned_TOLAC","TOLAC_supported_and_VBAC_occurs","TOLAC_supported_but_TOLAC_fails",20123,6129,152,206,0.567770147927983,0.567148372108913,0,0.745172065911893,"Hispanic"
"2024_posthoc_comparative_evaluation","race_neutral_counselling_logistic",0.46,0.851851851851852,0.761931604659902,"support_or_encourage_planned_TOLAC","TOLAC_supported_and_VBAC_occurs","TOLAC_supported_but_TOLAC_fails",20088,6101,187,234,0.559596086127465,0.559132601222041,0,0.73444398776088,"Hispanic"
"2024_posthoc_comparative_evaluation","race_neutral_counselling_logistic",0.47,0.886792452830189,0.761931604659902,"support_or_encourage_planned_TOLAC","TOLAC_supported_and_VBAC_occurs","TOLAC_supported_but_TOLAC_fails",20062,6068,213,267,0.551707756340715,0.55081434841491,0,0.724090919665914,"Hispanic"
"2024_posthoc_comparative_evaluation","race_neutral_counselling_logistic",0.48,0.923076923076923,0.761931604659902,"support_or_encourage_planned_TOLAC","TOLAC_supported_and_VBAC_occurs","TOLAC_supported_but_TOLAC_fails",20020,6024,255,311,0.54338160899604,0.542176162807504,0,0.713163236270511,"Hispanic"
"2024_posthoc_comparative_evaluation","race_neutral_counselling_logistic",0.49,0.96078431372549,0.761931604659902,"support_or_encourage_planned_TOLAC","TOLAC_supported_and_VBAC_occurs","TOLAC_supported_but_TOLAC_fails",19973,5974,302,361,0.534884423517622,0.533199224823338,0,0.702011073233239,"Hispanic"
"2024_posthoc_comparative_evaluation","race_neutral_counselling_logistic",0.5,1,0.761931604659902,"support_or_encourage_planned_TOLAC","TOLAC_supported_and_VBAC_occurs","TOLAC_supported_but_TOLAC_fails",19918,5923,357,412,0.525930101465614,0.523863209319805,0,0.690258939580764,"Hispanic"
"2024_posthoc_comparative_evaluation","race_neutral_counselling_logistic",0.51,1.04081632653061,0.761931604659902,"support_or_encourage_planned_TOLAC","TOLAC_supported_and_VBAC_occurs","TOLAC_supported_but_TOLAC_fails",19850,5848,425,487,0.517223078633934,0.514146131958984,0,0.678831374720048,"Hispanic"
"2024_posthoc_comparative_evaluation","race_neutral_counselling_logistic",0.52,1.08333333333333,0.761931604659902,"support_or_encourage_planned_TOLAC","TOLAC_supported_and_VBAC_occurs","TOLAC_supported_but_TOLAC_fails",19771,5788,504,547,0.507353125391457,0.504024176374796,0,0.665877517468146,"Hispanic"
"2024_posthoc_comparative_evaluation","race_neutral_counselling_logistic",0.53,1.12765957446809,0.761931604659902,"support_or_encourage_planned_TOLAC","TOLAC_supported_and_VBAC_occurs","TOLAC_supported_but_TOLAC_fails",19677,5719,598,616,0.497103152710147,0.493471499276388,0,0.652424902274576,"Hispanic"
"2024_posthoc_comparative_evaluation","race_neutral_counselling_logistic",0.54,1.17391304347826,0.761931604659902,"support_or_encourage_planned_TOLAC","TOLAC_supported_and_VBAC_occurs","TOLAC_supported_but_TOLAC_fails",19563,5642,712,693,0.486275182589089,0.482460010130222,0,0.63821369216748,"Hispanic"
"2024_posthoc_comparative_evaluation","race_neutral_counselling_logistic",0.55,1.22222222222222,0.761931604659902,"support_or_encourage_planned_TOLAC","TOLAC_supported_and_VBAC_occurs","TOLAC_supported_but_TOLAC_fails",19428,5549,847,786,0.47523069856779,0.470959121466449,0,0.62371831757775,"Hispanic"
"2024_posthoc_comparative_evaluation","race_neutral_counselling_logistic",0.56,1.27272727272727,0.761931604659902,"support_or_encourage_planned_TOLAC","TOLAC_supported_and_VBAC_occurs","TOLAC_supported_but_TOLAC_fails",19288,5433,987,902,0.464985822144785,0.458935465136142,0,0.610272390987557,"Hispanic"
"2024_posthoc_comparative_evaluation","race_neutral_counselling_logistic",0.57,1.32558139534884,0.761931604659902,"support_or_encourage_planned_TOLAC","TOLAC_supported_and_VBAC_occurs","TOLAC_supported_but_TOLAC_fails",19120,5295,1155,1040,0.454755599835697,0.446352568976517,0,0.596845697244286,"Hispanic"
"2024_posthoc_comparative_evaluation","race_neutral_counselling_logistic",0.58,1.38095238095238,0.761931604659902,"support_or_encourage_planned_TOLAC","TOLAC_supported_and_VBAC_occurs","TOLAC_supported_but_TOLAC_fails",18897,5130,1378,1205,0.443920115960702,0.433170487285482,0,0.582624625682579,"Hispanic"
"2024_posthoc_comparative_evaluation","race_neutral_counselling_logistic",0.59,1.4390243902439,0.761931604659902,"support_or_encourage_planned_TOLAC","TOLAC_supported_and_VBAC_occurs","TOLAC_supported_but_TOLAC_fails",18676,4978,1599,1357,0.432639480848022,0.419345377219274,0,0.567819313704851,"Hispanic"
"2024_posthoc_comparative_evaluation","race_neutral_counselling_logistic",0.6,1.5,0.761931604659902,"support_or_encourage_planned_TOLAC","TOLAC_supported_and_VBAC_occurs","TOLAC_supported_but_TOLAC_fails",18404,4808,1871,1527,0.420593761743705,0.404829011649756,0,0.552009864364981,"Hispanic"
"2024_posthoc_comparative_evaluation","race_neutral_counselling_logistic",0.61,1.56410256410256,0.761931604659902,"support_or_encourage_planned_TOLAC","TOLAC_supported_and_VBAC_occurs","TOLAC_supported_but_TOLAC_fails",18100,4614,2175,1721,0.408990258144711,0.389568217076672,0,0.536780802428151,"Hispanic"
"2024_posthoc_comparative_evaluation","race_neutral_counselling_logistic",0.62,1.63157894736842,0.761931604659902,"support_or_encourage_planned_TOLAC","TOLAC_supported_and_VBAC_occurs","TOLAC_supported_but_TOLAC_fails",17761,4409,2514,1926,0.397120196206412,0.373504222789217,0,0.521201894996431,"Hispanic"
"2024_posthoc_comparative_evaluation","race_neutral_counselling_logistic",0.63,1.7027027027027,0.761931604659902,"support_or_encourage_planned_TOLAC","TOLAC_supported_and_VBAC_occurs","TOLAC_supported_but_TOLAC_fails",17370,4192,2905,2143,0.384527255553186,0.356571904486222,0,0.504674242676709,"Hispanic"
"2024_posthoc_comparative_evaluation","race_neutral_counselling_logistic",0.64,1.77777777777778,0.761931604659902,"support_or_encourage_planned_TOLAC","TOLAC_supported_and_VBAC_occurs","TOLAC_supported_but_TOLAC_fails",16947,3972,3328,2363,0.371501941625955,0.338698901833062,0,0.487579120427456,"Hispanic"
"2024_posthoc_comparative_evaluation","race_neutral_counselling_logistic",0.65,1.85714285714286,0.761931604659902,"support_or_encourage_planned_TOLAC","TOLAC_supported_and_VBAC_occurs","TOLAC_supported_but_TOLAC_fails",16456,3708,3819,2627,0.359628496268857,0.319804584742578,0,0.471995772415008,"Hispanic"
"2024_posthoc_comparative_evaluation","race_neutral_counselling_logistic",0.66,1.94117647058824,0.761931604659902,"support_or_encourage_planned_TOLAC","TOLAC_supported_and_VBAC_occurs","TOLAC_supported_but_TOLAC_fails",15873,3440,4402,2895,0.34556005040122,0.299798837235007,0,0.453531587727569,"Hispanic"
"2024_posthoc_comparative_evaluation","race_neutral_counselling_logistic",0.67,2.03030303030303,0.761931604659902,"support_or_encourage_planned_TOLAC","TOLAC_supported_and_VBAC_occurs","TOLAC_supported_but_TOLAC_fails",15318,3180,4957,3155,0.333019029073144,0.278580620181522,0,0.437072077121399,"Hispanic"
"2024_posthoc_comparative_evaluation","race_neutral_counselling_logistic",0.68,2.125,0.761931604659902,"support_or_encourage_planned_TOLAC","TOLAC_supported_and_VBAC_occurs","TOLAC_supported_but_TOLAC_fails",14733,2906,5542,3429,0.321599022923713,0.256036264562195,0,0.422083847102343,"Hispanic"
"2024_posthoc_comparative_evaluation","race_neutral_counselling_logistic",0.69,2.2258064516129,0.761931604659902,"support_or_encourage_planned_TOLAC","TOLAC_supported_and_VBAC_occurs","TOLAC_supported_but_TOLAC_fails",14091,2634,6184,3701,0.309215550787359,0.232037434386782,0,0.405831112525357,"Hispanic"
"2024_posthoc_comparative_evaluation","race_neutral_counselling_logistic",0.7,2.33333333333333,0.761931604659902,"support_or_encourage_planned_TOLAC","TOLAC_supported_and_VBAC_occurs","TOLAC_supported_but_TOLAC_fails",13395,2414,6880,3921,0.29170737817863,0.206438682199674,0,0.382852445540485,"Hispanic"
"2024_posthoc_comparative_evaluation","race_neutral_counselling_logistic",0.71,2.44827586206897,0.761931604659902,"support_or_encourage_planned_TOLAC","TOLAC_supported_and_VBAC_occurs","TOLAC_supported_but_TOLAC_fails",12712,2176,7563,4159,0.277510399253586,0.179074498827249,0,0.364219567158468,"Hispanic"
"2024_posthoc_comparative_evaluation","race_neutral_counselling_logistic",0.72,2.57142857142857,0.761931604659902,"support_or_encourage_planned_TOLAC","TOLAC_supported_and_VBAC_occurs","TOLAC_supported_but_TOLAC_fails",12012,1955,8263,4380,0.262489933966822,0.149755730928222,0,0.344505901004051,"Hispanic"
"2024_posthoc_comparative_evaluation","race_neutral_counselling_logistic",0.73,2.7037037037037,0.761931604659902,"support_or_encourage_planned_TOLAC","TOLAC_supported_and_VBAC_occurs","TOLAC_supported_but_TOLAC_fails",11321,1746,8954,4589,0.248039584116247,0.118265202444083,0,0.325540484997945,"Hispanic"
"2024_posthoc_comparative_evaluation","race_neutral_counselling_logistic",0.74,2.84615384615385,0.761931604659902,"support_or_encourage_planned_TOLAC","TOLAC_supported_and_VBAC_occurs","TOLAC_supported_but_TOLAC_fails",10645,1594,9630,4741,0.22954644003122,0.0843523256150088,0,0.301269088494736,"Hispanic"
"2024_posthoc_comparative_evaluation","race_neutral_counselling_logistic",0.75,3,0.761931604659902,"support_or_encourage_planned_TOLAC","TOLAC_supported_and_VBAC_occurs","TOLAC_supported_but_TOLAC_fails",9972,1411,10303,4924,0.215670800450958,0.0477264186396091,0,0.283057953144266,"Hispanic"
"2024_posthoc_comparative_evaluation","race_neutral_counselling_logistic",0.76,3.16666666666667,0.761931604659902,"support_or_encourage_planned_TOLAC","TOLAC_supported_and_VBAC_occurs","TOLAC_supported_but_TOLAC_fails",9284,1241,10991,5094,0.201208818739822,0.00804835274959281,0,0.264077270859022,"Hispanic"
"2024_posthoc_comparative_evaluation","race_neutral_counselling_logistic",0.77,3.34782608695652,0.761931604659902,"support_or_encourage_planned_TOLAC","TOLAC_supported_and_VBAC_occurs","TOLAC_supported_but_TOLAC_fails",8633,1081,11642,5254,0.188425403983465,-0.0350799797395553,0,0.247299630086313,"Hispanic"
"2024_posthoc_comparative_evaluation","race_neutral_counselling_logistic",0.78,3.54545454545455,0.761931604659902,"support_or_encourage_planned_TOLAC","TOLAC_supported_and_VBAC_occurs","TOLAC_supported_but_TOLAC_fails",7960,952,12315,5383,0.172293396194185,-0.0821290697277169,0,0.226127115794193,"Hispanic"
"2024_posthoc_comparative_evaluation","race_neutral_counselling_logistic",0.79,3.76190476190476,0.761931604659902,"support_or_encourage_planned_TOLAC","TOLAC_supported_and_VBAC_occurs","TOLAC_supported_but_TOLAC_fails",7354,837,12921,5498,0.158034036613518,-0.133659025429037,0,0.207412365686102,"Hispanic"
"2024_posthoc_comparative_evaluation","race_neutral_counselling_logistic",0.8,4,0.761931604659902,"support_or_encourage_planned_TOLAC","TOLAC_supported_and_VBAC_occurs","TOLAC_supported_but_TOLAC_fails",6690,746,13585,5589,0.139270950770387,-0.190341976700489,0,0.182786683107275,"Hispanic"
"2024_posthoc_comparative_evaluation","race_neutral_counselling_logistic",0.81,4.26315789473684,0.761931604659902,"support_or_encourage_planned_TOLAC","TOLAC_supported_and_VBAC_occurs","TOLAC_supported_but_TOLAC_fails",6107,652,14168,5683,0.125044007990664,-0.252991554421567,0,0.164114478551496,"Hispanic"
"2024_posthoc_comparative_evaluation","race_neutral_counselling_logistic",0.82,4.55555555555556,0.761931604659902,"support_or_encourage_planned_TOLAC","TOLAC_supported_and_VBAC_occurs","TOLAC_supported_but_TOLAC_fails",5573,563,14702,5772,0.113048561526577,-0.322602196333877,0,0.14837100972736,"Hispanic"
"2024_posthoc_comparative_evaluation","race_neutral_counselling_logistic",0.83,4.88235294117647,0.761931604659902,"support_or_encourage_planned_TOLAC","TOLAC_supported_and_VBAC_occurs","TOLAC_supported_but_TOLAC_fails",5069,487,15206,5848,0.101138448615072,-0.400402325529987,0,0.132739537245231,"Hispanic"
"2024_posthoc_comparative_evaluation","race_neutral_counselling_logistic",0.84,5.25,0.761931604659902,"support_or_encourage_planned_TOLAC","TOLAC_supported_and_VBAC_occurs","TOLAC_supported_but_TOLAC_fails",4566,421,15709,5914,0.0885287485907553,-0.487927470875612,0,0.116189889025894,"Hispanic"
"2024_posthoc_comparative_evaluation","race_neutral_counselling_logistic",0.85,5.66666666666667,0.761931604659902,"support_or_encourage_planned_TOLAC","TOLAC_supported_and_VBAC_occurs","TOLAC_supported_but_TOLAC_fails",4035,362,16240,5973,0.0745459100588751,-0.587122635600652,0,0.0978380600082202,"Hispanic"
"2024_posthoc_comparative_evaluation","race_neutral_counselling_logistic",0.86,6.14285714285715,0.761931604659902,"support_or_encourage_planned_TOLAC","TOLAC_supported_and_VBAC_occurs","TOLAC_supported_but_TOLAC_fails",3545,307,16730,6028,0.0623503516400923,-0.700488538143556,0,0.081831953496565,"Hispanic"
"2024_posthoc_comparative_evaluation","race_neutral_counselling_logistic",0.87,6.6923076923077,0.761931604659902,"support_or_encourage_planned_TOLAC","TOLAC_supported_and_VBAC_occurs","TOLAC_supported_but_TOLAC_fails",3108,262,17167,6073,0.0509062527100858,-0.831295348769984,0,0.0668121028170349,"Hispanic"
"2024_posthoc_comparative_evaluation","race_neutral_counselling_logistic",0.88,7.33333333333334,0.761931604659902,"support_or_encourage_planned_TOLAC","TOLAC_supported_and_VBAC_occurs","TOLAC_supported_but_TOLAC_fails",2689,223,17586,6112,0.0395966428660904,-0.983903294500816,0,0.0519687628442251,"Hispanic"
"2024_posthoc_comparative_evaluation","race_neutral_counselling_logistic",0.89,8.0909090909091,0.761931604659902,"support_or_encourage_planned_TOLAC","TOLAC_supported_and_VBAC_occurs","TOLAC_supported_but_TOLAC_fails",2299,194,17976,6141,0.0274093812988964,-1.16425813945544,0,0.0359735455666404,"Hispanic"
"2024_posthoc_comparative_evaluation","race_neutral_counselling_logistic",0.9,9,0.761931604659902,"support_or_encourage_planned_TOLAC","TOLAC_supported_and_VBAC_occurs","TOLAC_supported_but_TOLAC_fails",1953,156,18322,6179,0.0206313416009019,-1.38068395340098,0,0.0270776818742293,"Hispanic"
"2024_posthoc_comparative_evaluation","race_inclusive_counselling_logistic",0.2,0.25,0.761931604659902,"support_or_encourage_planned_TOLAC","TOLAC_supported_and_VBAC_occurs","TOLAC_supported_but_TOLAC_fails",20275,6333,0,2,0.702433295753476,0.702414505824878,0,0.921911220715167,"Hispanic"
"2024_posthoc_comparative_evaluation","race_inclusive_counselling_logistic",0.21,0.265822784810127,0.761931604659902,"support_or_encourage_planned_TOLAC","TOLAC_supported_and_VBAC_occurs","TOLAC_supported_but_TOLAC_fails",20275,6333,0,2,0.698667579999905,0.698647600835319,0,0.916968892912329,"Hispanic"
"2024_posthoc_comparative_evaluation","race_inclusive_counselling_logistic",0.22,0.282051282051282,0.761931604659902,"support_or_encourage_planned_TOLAC","TOLAC_supported_and_VBAC_occurs","TOLAC_supported_but_TOLAC_fails",20275,6333,0,2,0.694805307432139,0.694784108538336,0,0.911899838755572,"Hispanic"
"2024_posthoc_comparative_evaluation","race_inclusive_counselling_logistic",0.23,0.298701298701299,0.761931604659902,"support_or_encourage_planned_TOLAC","TOLAC_supported_and_VBAC_occurs","TOLAC_supported_but_TOLAC_fails",20275,6332,0,3,0.69085394124853,0.690820265792081,0,0.906713853347639,"Hispanic"
"2024_posthoc_comparative_evaluation","race_inclusive_counselling_logistic",0.24,0.315789473684211,0.761931604659902,"support_or_encourage_planned_TOLAC","TOLAC_supported_and_VBAC_occurs","TOLAC_supported_but_TOLAC_fails",20274,6332,1,3,0.686750133507387,0.686752111394608,0,0.901327795444221,"Hispanic"
"2024_posthoc_comparative_evaluation","race_inclusive_counselling_logistic",0.25,0.333333333333333,0.761931604659902,"support_or_encourage_planned_TOLAC","TOLAC_supported_and_VBAC_occurs","TOLAC_supported_but_TOLAC_fails",20274,6332,1,3,0.68257547287987,0.68257547287987,0,0.895848746403617,"Hispanic"
"2024_posthoc_comparative_evaluation","race_inclusive_counselling_logistic",0.26,0.351351351351351,0.761931604659902,"support_or_encourage_planned_TOLAC","TOLAC_supported_and_VBAC_occurs","TOLAC_supported_but_TOLAC_fails",20274,6331,1,4,0.678301187320353,0.678285952243111,0,0.890238944246343,"Hispanic"
"2024_posthoc_comparative_evaluation","race_inclusive_counselling_logistic",0.27,0.36986301369863,0.761931604659902,"support_or_encourage_planned_TOLAC","TOLAC_supported_and_VBAC_occurs","TOLAC_supported_but_TOLAC_fails",20273,6329,2,6,0.673887147174046,0.673878910493017,0,0.884445720656048,"Hispanic"
"2024_posthoc_comparative_evaluation","race_inclusive_counselling_logistic",0.28,0.388888888888889,0.761931604659902,"support_or_encourage_planned_TOLAC","TOLAC_supported_and_VBAC_occurs","TOLAC_supported_but_TOLAC_fails",20273,6324,2,11,0.669435049480145,0.669349450916531,0,0.878602548294287,"Hispanic"
"2024_posthoc_comparative_evaluation","race_inclusive_counselling_logistic",0.29,0.408450704225352,0.761931604659902,"support_or_encourage_planned_TOLAC","TOLAC_supported_and_VBAC_occurs","TOLAC_supported_but_TOLAC_fails",20272,6320,3,15,0.664809904144899,0.66469240092944,0,0.872532258904847,"Hispanic"
"2024_posthoc_comparative_evaluation","race_inclusive_counselling_logistic",0.3,0.428571428571429,0.761931604659902,"support_or_encourage_planned_TOLAC","TOLAC_supported_and_VBAC_occurs","TOLAC_supported_but_TOLAC_fails",20271,6320,4,15,0.659993557738766,0.659902292371289,0,0.866211026950854,"Hispanic"
"2024_posthoc_comparative_evaluation","race_inclusive_counselling_logistic",0.31,0.449275362318841,0.761931604659902,"support_or_encourage_planned_TOLAC","TOLAC_supported_and_VBAC_occurs","TOLAC_supported_but_TOLAC_fails",20270,6316,5,19,0.655106231176032,0.654973340086815,0,0.859796636823388,"Hispanic"
"2024_posthoc_comparative_evaluation","race_inclusive_counselling_logistic",0.32,0.470588235294118,0.761931604659902,"support_or_encourage_planned_TOLAC","TOLAC_supported_and_VBAC_occurs","TOLAC_supported_but_TOLAC_fails",20266,6311,9,24,0.649985631231072,0.649899418617503,0,0.853076086168129,"Hispanic"
"2024_posthoc_comparative_evaluation","race_inclusive_counselling_logistic",0.33,0.492537313432836,0.761931604659902,"support_or_encourage_planned_TOLAC","TOLAC_supported_and_VBAC_occurs","TOLAC_supported_but_TOLAC_fails",20265,6307,10,28,0.644816503727137,0.644674036805824,0,0.846291845335591,"Hispanic"
"2024_posthoc_comparative_evaluation","race_inclusive_counselling_logistic",0.34,0.515151515151515,0.761931604659902,"support_or_encourage_planned_TOLAC","TOLAC_supported_and_VBAC_occurs","TOLAC_supported_but_TOLAC_fails",20265,6306,10,29,0.639475931809641,0.639290310090761,0,0.839282591637709,"Hispanic"
"2024_posthoc_comparative_evaluation","race_inclusive_counselling_logistic",0.35,0.538461538461538,0.761931604659902,"support_or_encourage_planned_TOLAC","TOLAC_supported_and_VBAC_occurs","TOLAC_supported_but_TOLAC_fails",20263,6303,12,32,0.633937501806724,0.633740930246004,0,0.832013658351513,"Hispanic"
"2024_posthoc_comparative_evaluation","race_inclusive_counselling_logistic",0.36,0.5625,0.761931604659902,"support_or_encourage_planned_TOLAC","TOLAC_supported_and_VBAC_occurs","TOLAC_supported_but_TOLAC_fails",20261,6300,14,35,0.628231867718903,0.628018132281097,0,0.824525277435265,"Hispanic"
"2024_posthoc_comparative_evaluation","race_inclusive_counselling_logistic",0.37,0.587301587301587,0.761931604659902,"support_or_encourage_planned_TOLAC","TOLAC_supported_and_VBAC_occurs","TOLAC_supported_but_TOLAC_fails",20258,6298,17,37,0.622291416879918,0.622113658190321,0,0.816728710390856,"Hispanic"
"2024_posthoc_comparative_evaluation","race_inclusive_counselling_logistic",0.38,0.612903225806452,0.761931604659902,"support_or_encourage_planned_TOLAC","TOLAC_supported_and_VBAC_occurs","TOLAC_supported_but_TOLAC_fails",20251,6292,24,43,0.616107211695821,0.616018717193391,0,0.808612227039497,"Hispanic"
"2024_posthoc_comparative_evaluation","race_inclusive_counselling_logistic",0.39,0.639344262295082,0.761931604659902,"support_or_encourage_planned_TOLAC","TOLAC_supported_and_VBAC_occurs","TOLAC_supported_but_TOLAC_fails",20247,6282,28,53,0.609945108765964,0.609723942065414,0,0.800524751874836,"Hispanic"
"2024_posthoc_comparative_evaluation","race_inclusive_counselling_logistic",0.4,0.666666666666667,0.761931604659902,"support_or_encourage_planned_TOLAC","TOLAC_supported_and_VBAC_occurs","TOLAC_supported_but_TOLAC_fails",20239,6273,36,62,0.603419767004885,0.603219341099837,0,0.791960542540074,"Hispanic"
"2024_posthoc_comparative_evaluation","race_inclusive_counselling_logistic",0.41,0.694915254237288,0.761931604659902,"support_or_encourage_planned_TOLAC","TOLAC_supported_and_VBAC_occurs","TOLAC_supported_but_TOLAC_fails",20231,6262,44,73,0.596747113038937,0.596494245186275,0,0.78320299274802,"Hispanic"
"2024_posthoc_comparative_evaluation","race_inclusive_counselling_logistic",0.42,0.724137931034483,0.761931604659902,"support_or_encourage_planned_TOLAC","TOLAC_supported_and_VBAC_occurs","TOLAC_supported_but_TOLAC_fails",20221,6254,54,81,0.58971219012816,0.589537249413625,0,0.77396998171691,"Hispanic"
"2024_posthoc_comparative_evaluation","race_inclusive_counselling_logistic",0.43,0.754385964912281,0.761931604659902,"support_or_encourage_planned_TOLAC","TOLAC_supported_and_VBAC_occurs","TOLAC_supported_but_TOLAC_fails",20209,6233,66,102,0.582747549068085,0.582336148526144,0,0.764829212365068,"Hispanic"
"2024_posthoc_comparative_evaluation","race_inclusive_counselling_logistic",0.44,0.785714285714286,0.761931604659902,"support_or_encourage_planned_TOLAC","TOLAC_supported_and_VBAC_occurs","TOLAC_supported_but_TOLAC_fails",20198,6209,77,126,0.575704622322435,0.574877865464111,0,0.755585696670777,"Hispanic"
"2024_posthoc_comparative_evaluation","race_inclusive_counselling_logistic",0.45,0.818181818181818,0.761931604659902,"support_or_encourage_planned_TOLAC","TOLAC_supported_and_VBAC_occurs","TOLAC_supported_but_TOLAC_fails",20181,6190,94,145,0.56807420313621,0.567148372108913,0,0.745571124313418,"Hispanic"
"2024_posthoc_comparative_evaluation","race_inclusive_counselling_logistic",0.46,0.851851851851852,0.761931604659902,"support_or_encourage_planned_TOLAC","TOLAC_supported_and_VBAC_occurs","TOLAC_supported_but_TOLAC_fails",20160,6173,115,162,0.559996937937562,0.559132601222041,0,0.734970087226561,"Hispanic"
"2024_posthoc_comparative_evaluation","race_inclusive_counselling_logistic",0.47,0.886792452830189,0.761931604659902,"support_or_encourage_planned_TOLAC","TOLAC_supported_and_VBAC_occurs","TOLAC_supported_but_TOLAC_fails",20136,6152,139,183,0.551689320939071,0.55081434841491,0,0.724066724053696,"Hispanic"
"2024_posthoc_comparative_evaluation","race_inclusive_counselling_logistic",0.48,0.923076923076923,0.761931604659902,"support_or_encourage_planned_TOLAC","TOLAC_supported_and_VBAC_occurs","TOLAC_supported_but_TOLAC_fails",20111,6118,164,217,0.543540600699564,0.542176162807504,0,0.713371905529736,"Hispanic"
"2024_posthoc_comparative_evaluation","race_inclusive_counselling_logistic",0.49,0.96078431372549,0.761931604659902,"support_or_encourage_planned_TOLAC","TOLAC_supported_and_VBAC_occurs","TOLAC_supported_but_TOLAC_fails",20078,6075,197,260,0.535183588655304,0.533199224823338,0,0.702403713643287,"Hispanic"
"2024_posthoc_comparative_evaluation","race_inclusive_counselling_logistic",0.5,1,0.761931604659902,"support_or_encourage_planned_TOLAC","TOLAC_supported_and_VBAC_occurs","TOLAC_supported_but_TOLAC_fails",20043,6035,232,300,0.52641863960917,0.523863209319805,0,0.690900123304562,"Hispanic"
"2024_posthoc_comparative_evaluation","race_inclusive_counselling_logistic",0.51,1.04081632653061,0.761931604659902,"support_or_encourage_planned_TOLAC","TOLAC_supported_and_VBAC_occurs","TOLAC_supported_but_TOLAC_fails",19997,5999,278,336,0.516841144575079,0.514146131958984,0,0.678330103928131,"Hispanic"
"2024_posthoc_comparative_evaluation","race_inclusive_counselling_logistic",0.52,1.08333333333333,0.761931604659902,"support_or_encourage_planned_TOLAC","TOLAC_supported_and_VBAC_occurs","TOLAC_supported_but_TOLAC_fails",19942,5941,333,394,0.507550419641739,0.504024176374796,0,0.666136457048911,"Hispanic"
"2024_posthoc_comparative_evaluation","race_inclusive_counselling_logistic",0.53,1.12765957446809,0.761931604659902,"support_or_encourage_planned_TOLAC","TOLAC_supported_and_VBAC_occurs","TOLAC_supported_but_TOLAC_fails",19888,5883,387,452,0.498082627711547,0.493471499276388,0,0.653710417923761,"Hispanic"
"2024_posthoc_comparative_evaluation","race_inclusive_counselling_logistic",0.54,1.17391304347826,0.761931604659902,"support_or_encourage_planned_TOLAC","TOLAC_supported_and_VBAC_occurs","TOLAC_supported_but_TOLAC_fails",19812,5824,463,511,0.487603548845645,0.482460010130222,0,0.639957111456602,"Hispanic"
"2024_posthoc_comparative_evaluation","race_inclusive_counselling_logistic",0.55,1.22222222222222,0.761931604659902,"support_or_encourage_planned_TOLAC","TOLAC_supported_and_VBAC_occurs","TOLAC_supported_but_TOLAC_fails",19716,5746,559,589,0.477005302935404,0.470959121466449,0,0.626047403753939,"Hispanic"
"2024_posthoc_comparative_evaluation","race_inclusive_counselling_logistic",0.56,1.27272727272727,0.761931604659902,"support_or_encourage_planned_TOLAC","TOLAC_supported_and_VBAC_occurs","TOLAC_supported_but_TOLAC_fails",19594,5655,681,680,0.465867240613577,0.458935465136142,0,0.611429211971752,"Hispanic"
"2024_posthoc_comparative_evaluation","race_inclusive_counselling_logistic",0.57,1.32558139534884,0.761931604659902,"support_or_encourage_planned_TOLAC","TOLAC_supported_and_VBAC_occurs","TOLAC_supported_but_TOLAC_fails",19459,5557,816,778,0.454443599625949,0.446352568976517,0,0.596436211395636,"Hispanic"
"2024_posthoc_comparative_evaluation","race_inclusive_counselling_logistic",0.58,1.38095238095238,0.761931604659902,"support_or_encourage_planned_TOLAC","TOLAC_supported_and_VBAC_occurs","TOLAC_supported_but_TOLAC_fails",19310,5428,965,907,0.443975590987992,0.433170487285482,0,0.582697434090775,"Hispanic"
"2024_posthoc_comparative_evaluation","race_inclusive_counselling_logistic",0.59,1.4390243902439,0.761931604659902,"support_or_encourage_planned_TOLAC","TOLAC_supported_and_VBAC_occurs","TOLAC_supported_but_TOLAC_fails",19129,5296,1146,1039,0.432466246872164,0.419345377219274,0,0.567591952121741,"Hispanic"
"2024_posthoc_comparative_evaluation","race_inclusive_counselling_logistic",0.6,1.5,0.761931604659902,"support_or_encourage_planned_TOLAC","TOLAC_supported_and_VBAC_occurs","TOLAC_supported_but_TOLAC_fails",18917,5148,1358,1187,0.420706501315295,0.404829011649756,0,0.552157829839704,"Hispanic"
"2024_posthoc_comparative_evaluation","race_inclusive_counselling_logistic",0.61,1.56410256410256,0.761931604659902,"support_or_encourage_planned_TOLAC","TOLAC_supported_and_VBAC_occurs","TOLAC_supported_but_TOLAC_fails",18679,4961,1596,1374,0.410352768864606,0.389568217076672,0,0.538569034746593,"Hispanic"
"2024_posthoc_comparative_evaluation","race_inclusive_counselling_logistic",0.62,1.63157894736842,0.761931604659902,"support_or_encourage_planned_TOLAC","TOLAC_supported_and_VBAC_occurs","TOLAC_supported_but_TOLAC_fails",18415,4780,1860,1555,0.398949741885718,0.373504222789217,0,0.523603089103771,"Hispanic"
"2024_posthoc_comparative_evaluation","race_inclusive_counselling_logistic",0.63,1.7027027027027,0.761931604659902,"support_or_encourage_planned_TOLAC","TOLAC_supported_and_VBAC_occurs","TOLAC_supported_but_TOLAC_fails",18077,4596,2198,1739,0.385245335527184,0.356571904486222,0,0.505616689439131,"Hispanic"
"2024_posthoc_comparative_evaluation","race_inclusive_counselling_logistic",0.64,1.77777777777778,0.761931604659902,"support_or_encourage_planned_TOLAC","TOLAC_supported_and_VBAC_occurs","TOLAC_supported_but_TOLAC_fails",17722,4383,2553,1952,0.373167981961669,0.338698901833062,0,0.489765721331689,"Hispanic"
"2024_posthoc_comparative_evaluation","race_inclusive_counselling_logistic",0.65,1.85714285714286,0.761931604659902,"support_or_encourage_planned_TOLAC","TOLAC_supported_and_VBAC_occurs","TOLAC_supported_but_TOLAC_fails",17311,4142,2964,2193,0.361469909271488,0.319804584742578,0,0.474412541835476,"Hispanic"
"2024_posthoc_comparative_evaluation","race_inclusive_counselling_logistic",0.66,1.94117647058824,0.761931604659902,"support_or_encourage_planned_TOLAC","TOLAC_supported_and_VBAC_occurs","TOLAC_supported_but_TOLAC_fails",16829,3912,3446,2423,0.347054402369742,0.299798837235007,0,0.455492855588598,"Hispanic"
"2024_posthoc_comparative_evaluation","race_inclusive_counselling_logistic",0.67,2.03030303030303,0.761931604659902,"support_or_encourage_planned_TOLAC","TOLAC_supported_and_VBAC_occurs","TOLAC_supported_but_TOLAC_fails",16316,3654,3959,2681,0.334358238529603,0.278580620181522,0,0.438829727609012,"Hispanic"
"2024_posthoc_comparative_evaluation","race_inclusive_counselling_logistic",0.68,2.125,0.761931604659902,"support_or_encourage_planned_TOLAC","TOLAC_supported_and_VBAC_occurs","TOLAC_supported_but_TOLAC_fails",15761,3386,4514,2949,0.321899661781285,0.256036264562195,0,0.422478421701603,"Hispanic"
"2024_posthoc_comparative_evaluation","race_inclusive_counselling_logistic",0.69,2.2258064516129,0.761931604659902,"support_or_encourage_planned_TOLAC","TOLAC_supported_and_VBAC_occurs","TOLAC_supported_but_TOLAC_fails",15184,3094,5091,3241,0.311813409947752,0.232037434386782,0,0.409240682550416,"Hispanic"
"2024_posthoc_comparative_evaluation","race_inclusive_counselling_logistic",0.7,2.33333333333333,0.761931604659902,"support_or_encourage_planned_TOLAC","TOLAC_supported_and_VBAC_occurs","TOLAC_supported_but_TOLAC_fails",14594,2824,5681,3511,0.300814230239258,0.206438682199674,0,0.394804767776408,"Hispanic"
"2024_posthoc_comparative_evaluation","race_inclusive_counselling_logistic",0.71,2.44827586206897,0.761931604659902,"support_or_encourage_planned_TOLAC","TOLAC_supported_and_VBAC_occurs","TOLAC_supported_but_TOLAC_fails",13902,2561,6373,3774,0.286808174266869,0.179074498827249,0,0.376422466941622,"Hispanic"
"2024_posthoc_comparative_evaluation","race_inclusive_counselling_logistic",0.72,2.57142857142857,0.761931604659902,"support_or_encourage_planned_TOLAC","TOLAC_supported_and_VBAC_occurs","TOLAC_supported_but_TOLAC_fails",13171,2314,7104,4021,0.271353411714178,0.149755730928222,0,0.35613880570724,"Hispanic"
"2024_posthoc_comparative_evaluation","race_inclusive_counselling_logistic",0.73,2.7037037037037,0.761931604659902,"support_or_encourage_planned_TOLAC","TOLAC_supported_and_VBAC_occurs","TOLAC_supported_but_TOLAC_fails",12456,2087,7819,4248,0.256045485545673,0.118265202444083,0,0.336047860437503,"Hispanic"
"2024_posthoc_comparative_evaluation","race_inclusive_counselling_logistic",0.74,2.84615384615385,0.761931604659902,"support_or_encourage_planned_TOLAC","TOLAC_supported_and_VBAC_occurs","TOLAC_supported_but_TOLAC_fails",11760,1862,8515,4473,0.242783222039141,0.0843523256150088,0,0.318641752821778,"Hispanic"
"2024_posthoc_comparative_evaluation","race_inclusive_counselling_logistic",0.75,3,0.761931604659902,"support_or_encourage_planned_TOLAC","TOLAC_supported_and_VBAC_occurs","TOLAC_supported_but_TOLAC_fails",11068,1666,9207,4669,0.228109733183014,0.0477264186396091,0,0.299383477188656,"Hispanic"
"2024_posthoc_comparative_evaluation","race_inclusive_counselling_logistic",0.76,3.16666666666667,0.761931604659902,"support_or_encourage_planned_TOLAC","TOLAC_supported_and_VBAC_occurs","TOLAC_supported_but_TOLAC_fails",10347,1494,9928,4841,0.211048478015783,0.00804835274959281,0,0.276991368680641,"Hispanic"
"2024_posthoc_comparative_evaluation","race_inclusive_counselling_logistic",0.77,3.34782608695652,0.761931604659902,"support_or_encourage_planned_TOLAC","TOLAC_supported_and_VBAC_occurs","TOLAC_supported_but_TOLAC_fails",9637,1319,10638,5016,0.196212603957322,-0.0350799797395553,0,0.25751996997802,"Hispanic"
"2024_posthoc_comparative_evaluation","race_inclusive_counselling_logistic",0.78,3.54545454545455,0.761931604659902,"support_or_encourage_planned_TOLAC","TOLAC_supported_and_VBAC_occurs","TOLAC_supported_but_TOLAC_fails",8984,1152,11291,5183,0.184127634860442,-0.0821290697277169,0,0.241659006837798,"Hispanic"
"2024_posthoc_comparative_evaluation","race_inclusive_counselling_logistic",0.79,3.76190476190476,0.761931604659902,"support_or_encourage_planned_TOLAC","TOLAC_supported_and_VBAC_occurs","TOLAC_supported_but_TOLAC_fails",8259,1009,12016,5326,0.167727850253217,-0.133659025429037,0,0.220135047853913,"Hispanic"
"2024_posthoc_comparative_evaluation","race_inclusive_counselling_logistic",0.8,4,0.761931604659902,"support_or_encourage_planned_TOLAC","TOLAC_supported_and_VBAC_occurs","TOLAC_supported_but_TOLAC_fails",7620,883,12655,5452,0.153626456219466,-0.190341976700489,0,0.201627620221948,"Hispanic"
"2024_posthoc_comparative_evaluation","race_inclusive_counselling_logistic",0.81,4.26315789473684,0.761931604659902,"support_or_encourage_planned_TOLAC","TOLAC_supported_and_VBAC_occurs","TOLAC_supported_but_TOLAC_fails",6934,785,13341,5550,0.134814770861765,-0.252991554421567,0,0.176938153027451,"Hispanic"
"2024_posthoc_comparative_evaluation","race_inclusive_counselling_logistic",0.82,4.55555555555556,0.761931604659902,"support_or_encourage_planned_TOLAC","TOLAC_supported_and_VBAC_occurs","TOLAC_supported_but_TOLAC_fails",6294,682,13981,5653,0.11977118042507,-0.322602196333877,0,0.157194136183039,"Hispanic"
"2024_posthoc_comparative_evaluation","race_inclusive_counselling_logistic",0.83,4.88235294117647,0.761931604659902,"support_or_encourage_planned_TOLAC","TOLAC_supported_and_VBAC_occurs","TOLAC_supported_but_TOLAC_fails",5762,591,14513,5744,0.108099564515772,-0.400402325529987,0,0.141875679988395,"Hispanic"
"2024_posthoc_comparative_evaluation","race_inclusive_counselling_logistic",0.84,5.25,0.761931604659902,"support_or_encourage_planned_TOLAC","TOLAC_supported_and_VBAC_occurs","TOLAC_supported_but_TOLAC_fails",5216,510,15059,5825,0.0953964674934235,-0.487927470875612,0,0.125203452527743,"Hispanic"
"2024_posthoc_comparative_evaluation","race_inclusive_counselling_logistic",0.85,5.66666666666667,0.761931604659902,"support_or_encourage_planned_TOLAC","TOLAC_supported_and_VBAC_occurs","TOLAC_supported_but_TOLAC_fails",4680,429,15595,5906,0.0845170988350244,-0.587122635600652,0,0.110924784217016,"Hispanic"
"2024_posthoc_comparative_evaluation","race_inclusive_counselling_logistic",0.86,6.14285714285715,0.761931604659902,"support_or_encourage_planned_TOLAC","TOLAC_supported_and_VBAC_occurs","TOLAC_supported_but_TOLAC_fails",4119,370,16156,5965,0.0693777849358458,-0.700488538143556,0,0.0910551347542715,"Hispanic"
"2024_posthoc_comparative_evaluation","race_inclusive_counselling_logistic",0.87,6.6923076923077,0.761931604659902,"support_or_encourage_planned_TOLAC","TOLAC_supported_and_VBAC_occurs","TOLAC_supported_but_TOLAC_fails",3618,315,16657,6020,0.0567426936085334,-0.831295348769984,0,0.0744721616238261,"Hispanic"
"2024_posthoc_comparative_evaluation","race_inclusive_counselling_logistic",0.88,7.33333333333334,0.761931604659902,"support_or_encourage_planned_TOLAC","TOLAC_supported_and_VBAC_occurs","TOLAC_supported_but_TOLAC_fails",3134,263,17141,6072,0.0452962545408993,-0.983903294500816,0,0.0594492396218659,"Hispanic"
"2024_posthoc_comparative_evaluation","race_inclusive_counselling_logistic",0.89,8.0909090909091,0.761931604659902,"support_or_encourage_planned_TOLAC","TOLAC_supported_and_VBAC_occurs","TOLAC_supported_but_TOLAC_fails",2691,224,17584,6111,0.033019029073144,-1.16425813945544,0,0.0433359488846541,"Hispanic"
"2024_posthoc_comparative_evaluation","race_inclusive_counselling_logistic",0.9,9,0.761931604659902,"support_or_encourage_planned_TOLAC","TOLAC_supported_and_VBAC_occurs","TOLAC_supported_but_TOLAC_fails",2294,193,17981,6142,0.0209319804584742,-1.38068395340098,0,0.0274722564734895,"Hispanic"
"2024_posthoc_comparative_evaluation","race_neutral_counselling_logistic",0.2,0.25,0.768670309653916,"support_or_encourage_planned_TOLAC","TOLAC_supported_and_VBAC_occurs","TOLAC_supported_but_TOLAC_fails",422,127,0,0,0.710837887067395,0.710837887067395,0,0.924763033175355,"NH_AIAN"
"2024_posthoc_comparative_evaluation","race_neutral_counselling_logistic",0.21,0.265822784810127,0.768670309653916,"support_or_encourage_planned_TOLAC","TOLAC_supported_and_VBAC_occurs","TOLAC_supported_but_TOLAC_fails",422,127,0,0,0.707177607156856,0.707177607156856,0,0.920001199832023,"NH_AIAN"
"2024_posthoc_comparative_evaluation","race_neutral_counselling_logistic",0.22,0.282051282051282,0.768670309653916,"support_or_encourage_planned_TOLAC","TOLAC_supported_and_VBAC_occurs","TOLAC_supported_but_TOLAC_fails",422,127,0,0,0.703423473915277,0.703423473915277,0,0.915117268197837,"NH_AIAN"
"2024_posthoc_comparative_evaluation","race_neutral_counselling_logistic",0.23,0.298701298701299,0.768670309653916,"support_or_encourage_planned_TOLAC","TOLAC_supported_and_VBAC_occurs","TOLAC_supported_but_TOLAC_fails",422,127,0,0,0.699571830719372,0.699571830719372,0,0.910106481196529,"NH_AIAN"
"2024_posthoc_comparative_evaluation","race_neutral_counselling_logistic",0.24,0.315789473684211,0.768670309653916,"support_or_encourage_planned_TOLAC","TOLAC_supported_and_VBAC_occurs","TOLAC_supported_but_TOLAC_fails",422,127,0,0,0.695618828491995,0.695618828491995,0,0.904963831379396,"NH_AIAN"
"2024_posthoc_comparative_evaluation","race_neutral_counselling_logistic",0.25,0.333333333333333,0.768670309653916,"support_or_encourage_planned_TOLAC","TOLAC_supported_and_VBAC_occurs","TOLAC_supported_but_TOLAC_fails",422,127,0,0,0.691560412871888,0.691560412871888,0,0.899684044233807,"NH_AIAN"
"2024_posthoc_comparative_evaluation","race_neutral_counselling_logistic",0.26,0.351351351351351,0.768670309653916,"support_or_encourage_planned_TOLAC","TOLAC_supported_and_VBAC_occurs","TOLAC_supported_but_TOLAC_fails",422,127,0,0,0.68739231034313,0.68739231034313,0,0.894261560138337,"NH_AIAN"
"2024_posthoc_comparative_evaluation","race_neutral_counselling_logistic",0.27,0.36986301369863,0.768670309653916,"support_or_encourage_planned_TOLAC","TOLAC_supported_and_VBAC_occurs","TOLAC_supported_but_TOLAC_fails",422,127,0,0,0.683110013224543,0.683110013224543,0,0.888690514834772,"NH_AIAN"
"2024_posthoc_comparative_evaluation","race_neutral_counselling_logistic",0.28,0.388888888888889,0.768670309653916,"support_or_encourage_planned_TOLAC","TOLAC_supported_and_VBAC_occurs","TOLAC_supported_but_TOLAC_fails",422,126,0,1,0.679417122040073,0.678708763408217,0,0.883886255924171,"NH_AIAN"
"2024_posthoc_comparative_evaluation","race_neutral_counselling_logistic",0.29,0.408450704225352,0.768670309653916,"support_or_encourage_planned_TOLAC","TOLAC_supported_and_VBAC_occurs","TOLAC_supported_but_TOLAC_fails",422,125,0,2,0.675671515431386,0.674183534723826,0,0.87901341699486,"NH_AIAN"
"2024_posthoc_comparative_evaluation","race_neutral_counselling_logistic",0.3,0.428571428571429,0.768670309653916,"support_or_encourage_planned_TOLAC","TOLAC_supported_and_VBAC_occurs","TOLAC_supported_but_TOLAC_fails",422,125,0,2,0.671090294041114,0.669529013791309,0,0.873053486797563,"NH_AIAN"
"2024_posthoc_comparative_evaluation","race_neutral_counselling_logistic",0.31,0.449275362318841,0.768670309653916,"support_or_encourage_planned_TOLAC","TOLAC_supported_and_VBAC_occurs","TOLAC_supported_but_TOLAC_fails",422,125,0,2,0.666376283625036,0.664739579208574,0,0.866920805000343,"NH_AIAN"
"2024_posthoc_comparative_evaluation","race_neutral_counselling_logistic",0.32,0.470588235294118,0.768670309653916,"support_or_encourage_planned_TOLAC","TOLAC_supported_and_VBAC_occurs","TOLAC_supported_but_TOLAC_fails",422,125,0,2,0.66152362584378,0.659809278902818,0,0.860607750209088,"NH_AIAN"
"2024_posthoc_comparative_evaluation","race_neutral_counselling_logistic",0.33,0.492537313432836,0.768670309653916,"support_or_encourage_planned_TOLAC","TOLAC_supported_and_VBAC_occurs","TOLAC_supported_but_TOLAC_fails",422,125,0,2,0.656526112606367,0.654731805453606,0,0.854106246021079,"NH_AIAN"
"2024_posthoc_comparative_evaluation","race_neutral_counselling_logistic",0.34,0.515151515151515,0.768670309653916,"support_or_encourage_planned_TOLAC","TOLAC_supported_and_VBAC_occurs","TOLAC_supported_but_TOLAC_fails",422,125,0,2,0.651377159573881,0.6495004691726,0,0.847407726554646,"NH_AIAN"
"2024_posthoc_comparative_evaluation","race_neutral_counselling_logistic",0.35,0.538461538461538,0.768670309653916,"support_or_encourage_planned_TOLAC","TOLAC_supported_and_VBAC_occurs","TOLAC_supported_but_TOLAC_fails",421,125,1,2,0.644248283592546,0.644108168698333,0,0.838133430550492,"NH_AIAN"
"2024_posthoc_comparative_evaluation","race_neutral_counselling_logistic",0.36,0.5625,0.768670309653916,"support_or_encourage_planned_TOLAC","TOLAC_supported_and_VBAC_occurs","TOLAC_supported_but_TOLAC_fails",421,125,1,2,0.638775045537341,0.638547358834244,0,0.831013033175355,"NH_AIAN"
"2024_posthoc_comparative_evaluation","race_neutral_counselling_logistic",0.37,0.587301587301587,0.768670309653916,"support_or_encourage_planned_TOLAC","TOLAC_supported_and_VBAC_occurs","TOLAC_supported_but_TOLAC_fails",421,123,1,4,0.635267586087258,0.632810015323677,0,0.826450011284134,"NH_AIAN"
"2024_posthoc_comparative_evaluation","race_neutral_counselling_logistic",0.38,0.612903225806452,0.768670309653916,"support_or_encourage_planned_TOLAC","TOLAC_supported_and_VBAC_occurs","TOLAC_supported_but_TOLAC_fails",421,123,1,4,0.629531699864857,0.626887596215994,0,0.818987922336034,"NH_AIAN"
"2024_posthoc_comparative_evaluation","race_neutral_counselling_logistic",0.39,0.639344262295082,0.768670309653916,"support_or_encourage_planned_TOLAC","TOLAC_supported_and_VBAC_occurs","TOLAC_supported_but_TOLAC_fails",420,123,2,4,0.621786258174326,0.62077099943265,0,0.808911506487452,"NH_AIAN"
"2024_posthoc_comparative_evaluation","race_neutral_counselling_logistic",0.4,0.666666666666667,0.768670309653916,"support_or_encourage_planned_TOLAC","TOLAC_supported_and_VBAC_occurs","TOLAC_supported_but_TOLAC_fails",420,122,2,5,0.616879174256223,0.61445051608986,0,0.802527646129542,"NH_AIAN"
"2024_posthoc_comparative_evaluation","race_neutral_counselling_logistic",0.41,0.694915254237288,0.768670309653916,"support_or_encourage_planned_TOLAC","TOLAC_supported_and_VBAC_occurs","TOLAC_supported_but_TOLAC_fails",420,121,2,6,0.611867494056991,0.607915779074434,0,0.796007711462768,"NH_AIAN"
"2024_posthoc_comparative_evaluation","race_neutral_counselling_logistic",0.42,0.724137931034483,0.768670309653916,"support_or_encourage_planned_TOLAC","TOLAC_supported_and_VBAC_occurs","TOLAC_supported_but_TOLAC_fails",420,121,2,6,0.605426794799322,0.601155706299856,0,0.787628697499591,"NH_AIAN"
"2024_posthoc_comparative_evaluation","race_neutral_counselling_logistic",0.43,0.754385964912281,0.768670309653916,"support_or_encourage_planned_TOLAC","TOLAC_supported_and_VBAC_occurs","TOLAC_supported_but_TOLAC_fails",420,120,2,7,0.60013421531972,0.594158437989327,0,0.780743327513095,"NH_AIAN"
"2024_posthoc_comparative_evaluation","race_neutral_counselling_logistic",0.44,0.785714285714286,0.768670309653916,"support_or_encourage_planned_TOLAC","TOLAC_supported_and_VBAC_occurs","TOLAC_supported_but_TOLAC_fails",420,119,2,8,0.59471766848816,0.586911267239136,0,0.773696682464455,"NH_AIAN"
"2024_posthoc_comparative_evaluation","race_neutral_counselling_logistic",0.45,0.818181818181818,0.768670309653916,"support_or_encourage_planned_TOLAC","TOLAC_supported_and_VBAC_occurs","TOLAC_supported_but_TOLAC_fails",420,118,2,9,0.589170392449081,0.57940056300712,0,0.766479965532098,"NH_AIAN"
"2024_posthoc_comparative_evaluation","race_neutral_counselling_logistic",0.46,0.851851851851852,0.768670309653916,"support_or_encourage_planned_TOLAC","TOLAC_supported_and_VBAC_occurs","TOLAC_supported_but_TOLAC_fails",418,118,4,9,0.578290494501788,0.571611684544289,0,0.752325785501141,"NH_AIAN"
"2024_posthoc_comparative_evaluation","race_neutral_counselling_logistic",0.47,0.886792452830189,0.768670309653916,"support_or_encourage_planned_TOLAC","TOLAC_supported_and_VBAC_occurs","TOLAC_supported_but_TOLAC_fails",417,118,5,9,0.568958999209541,0.563528886139465,0,0.740185996601985,"NH_AIAN"
"2024_posthoc_comparative_evaluation","race_neutral_counselling_logistic",0.48,0.923076923076923,0.768670309653916,"support_or_encourage_planned_TOLAC","TOLAC_supported_and_VBAC_occurs","TOLAC_supported_but_TOLAC_fails",417,117,5,10,0.562841530054645,0.555135210872916,0,0.732227488151659,"NH_AIAN"
"2024_posthoc_comparative_evaluation","race_neutral_counselling_logistic",0.49,0.96078431372549,0.768670309653916,"support_or_encourage_planned_TOLAC","TOLAC_supported_and_VBAC_occurs","TOLAC_supported_but_TOLAC_fails",416,117,6,10,0.552984035144112,0.546412371870424,0,0.719403401170895,"NH_AIAN"
"2024_posthoc_comparative_evaluation","race_neutral_counselling_logistic",0.5,1,0.768670309653916,"support_or_encourage_planned_TOLAC","TOLAC_supported_and_VBAC_occurs","TOLAC_supported_but_TOLAC_fails",415,115,7,12,0.546448087431694,0.537340619307833,0,0.710900473933649,"NH_AIAN"
"2024_posthoc_comparative_evaluation","race_neutral_counselling_logistic",0.51,1.04081632653061,0.768670309653916,"support_or_encourage_planned_TOLAC","TOLAC_supported_and_VBAC_occurs","TOLAC_supported_but_TOLAC_fails",413,114,9,13,0.536151072450838,0.527898591130441,0,0.697504594254764,"NH_AIAN"
"2024_posthoc_comparative_evaluation","race_neutral_counselling_logistic",0.52,1.08333333333333,0.768670309653916,"support_or_encourage_planned_TOLAC","TOLAC_supported_and_VBAC_occurs","TOLAC_supported_but_TOLAC_fails",412,114,10,13,0.525500910746812,0.518063145112325,0,0.683649289099526,"NH_AIAN"
"2024_posthoc_comparative_evaluation","race_neutral_counselling_logistic",0.53,1.12765957446809,0.768670309653916,"support_or_encourage_planned_TOLAC","TOLAC_supported_and_VBAC_occurs","TOLAC_supported_but_TOLAC_fails",412,111,10,16,0.522458628841608,0.507809169476418,0,0.679691438943229,"NH_AIAN"
"2024_posthoc_comparative_evaluation","race_neutral_counselling_logistic",0.54,1.17391304347826,0.768670309653916,"support_or_encourage_planned_TOLAC","TOLAC_supported_and_VBAC_occurs","TOLAC_supported_but_TOLAC_fails",411,111,11,16,0.511285340936089,0.497109368812861,0,0.665155573871832,"NH_AIAN"
"2024_posthoc_comparative_evaluation","race_neutral_counselling_logistic",0.55,1.22222222222222,0.768670309653916,"support_or_encourage_planned_TOLAC","TOLAC_supported_and_VBAC_occurs","TOLAC_supported_but_TOLAC_fails",409,111,13,16,0.497874924104432,0.485934021453147,0,0.647709320695103,"NH_AIAN"
"2024_posthoc_comparative_evaluation","race_neutral_counselling_logistic",0.56,1.27272727272727,0.768670309653916,"support_or_encourage_planned_TOLAC","TOLAC_supported_and_VBAC_occurs","TOLAC_supported_but_TOLAC_fails",407,107,15,20,0.493293591654247,0.4742507037589,0,0.641749246014649,"NH_AIAN"
"2024_posthoc_comparative_evaluation","race_neutral_counselling_logistic",0.57,1.32558139534884,0.768670309653916,"support_or_encourage_planned_TOLAC","TOLAC_supported_and_VBAC_occurs","TOLAC_supported_but_TOLAC_fails",406,107,16,20,0.481170839157877,0.46202397593934,0,0.625978177008707,"NH_AIAN"
"2024_posthoc_comparative_evaluation","race_neutral_counselling_logistic",0.58,1.38095238095238,0.768670309653916,"support_or_encourage_planned_TOLAC","TOLAC_supported_and_VBAC_occurs","TOLAC_supported_but_TOLAC_fails",403,105,19,22,0.469945355191257,0.449215022985515,0,0.611374407582938,"NH_AIAN"
"2024_posthoc_comparative_evaluation","race_neutral_counselling_logistic",0.59,1.4390243902439,0.768670309653916,"support_or_encourage_planned_TOLAC","TOLAC_supported_and_VBAC_occurs","TOLAC_supported_but_TOLAC_fails",401,103,21,24,0.460438047003421,0.435781243058332,0,0.599005895272223,"NH_AIAN"
"2024_posthoc_comparative_evaluation","race_neutral_counselling_logistic",0.6,1.5,0.768670309653916,"support_or_encourage_planned_TOLAC","TOLAC_supported_and_VBAC_occurs","TOLAC_supported_but_TOLAC_fails",398,98,24,29,0.45719489981785,0.42167577413479,0,0.59478672985782,"NH_AIAN"
"2024_posthoc_comparative_evaluation","race_neutral_counselling_logistic",0.61,1.56410256410256,0.768670309653916,"support_or_encourage_planned_TOLAC","TOLAC_supported_and_VBAC_occurs","TOLAC_supported_but_TOLAC_fails",395,94,27,33,0.451683713978796,0.406846947830554,0,0.587616964394215,"NH_AIAN"
"2024_posthoc_comparative_evaluation","race_neutral_counselling_logistic",0.62,1.63157894736842,0.768670309653916,"support_or_encourage_planned_TOLAC","TOLAC_supported_and_VBAC_occurs","TOLAC_supported_but_TOLAC_fails",392,92,30,35,0.440609721023871,0.39123765698399,0,0.573210276877027,"NH_AIAN"
"2024_posthoc_comparative_evaluation","race_neutral_counselling_logistic",0.63,1.7027027027027,0.768670309653916,"support_or_encourage_planned_TOLAC","TOLAC_supported_and_VBAC_occurs","TOLAC_supported_but_TOLAC_fails",387,89,35,38,0.42888790429774,0.37478462068626,0,0.557960804406302,"NH_AIAN"
"2024_posthoc_comparative_evaluation","race_neutral_counselling_logistic",0.64,1.77777777777778,0.768670309653916,"support_or_encourage_planned_TOLAC","TOLAC_supported_and_VBAC_occurs","TOLAC_supported_but_TOLAC_fails",381,87,41,40,0.412264723740134,0.357417526816434,0,0.536334913112164,"NH_AIAN"
"2024_posthoc_comparative_evaluation","race_neutral_counselling_logistic",0.65,1.85714285714286,0.768670309653916,"support_or_encourage_planned_TOLAC","TOLAC_supported_and_VBAC_occurs","TOLAC_supported_but_TOLAC_fails",371,85,51,42,0.38823835545147,0.339058027582618,0,0.505077860528098,"NH_AIAN"
"2024_posthoc_comparative_evaluation","race_neutral_counselling_logistic",0.66,1.94117647058824,0.768670309653916,"support_or_encourage_planned_TOLAC","TOLAC_supported_and_VBAC_occurs","TOLAC_supported_but_TOLAC_fails",363,83,59,44,0.367727418836387,0.319618557805636,0,0.478394201282409,"NH_AIAN"
"2024_posthoc_comparative_evaluation","race_neutral_counselling_logistic",0.67,2.03030303030303,0.768670309653916,"support_or_encourage_planned_TOLAC","TOLAC_supported_and_VBAC_occurs","TOLAC_supported_but_TOLAC_fails",350,78,72,49,0.349064414638185,0.299000938345201,0,0.454114605773373,"NH_AIAN"
"2024_posthoc_comparative_evaluation","race_neutral_counselling_logistic",0.68,2.125,0.768670309653916,"support_or_encourage_planned_TOLAC","TOLAC_supported_and_VBAC_occurs","TOLAC_supported_but_TOLAC_fails",341,70,81,57,0.350182149362477,0.277094717668488,0,0.455568720379147,"NH_AIAN"
"2024_posthoc_comparative_evaluation","race_neutral_counselling_logistic",0.69,2.2258064516129,0.768670309653916,"support_or_encourage_planned_TOLAC","TOLAC_supported_and_VBAC_occurs","TOLAC_supported_but_TOLAC_fails",334,64,88,63,0.348904165932194,0.253775192431988,0,0.453906130561076,"NH_AIAN"
"2024_posthoc_comparative_evaluation","race_neutral_counselling_logistic",0.7,2.33333333333333,0.768670309653916,"support_or_encourage_planned_TOLAC","TOLAC_supported_and_VBAC_occurs","TOLAC_supported_but_TOLAC_fails",328,60,94,67,0.342440801457195,0.228901032179721,0,0.445497630331754,"NH_AIAN"
"2024_posthoc_comparative_evaluation","race_neutral_counselling_logistic",0.71,2.44827586206897,0.768670309653916,"support_or_encourage_planned_TOLAC","TOLAC_supported_and_VBAC_occurs","TOLAC_supported_but_TOLAC_fails",320,56,102,71,0.333144902958357,0.202311412599711,0,0.433404151005066,"NH_AIAN"
"2024_posthoc_comparative_evaluation","race_neutral_counselling_logistic",0.72,2.57142857142857,0.768670309653916,"support_or_encourage_planned_TOLAC","TOLAC_supported_and_VBAC_occurs","TOLAC_supported_but_TOLAC_fails",311,54,111,73,0.313557116835805,0.173822534478272,0,0.407921462423832,"NH_AIAN"
"2024_posthoc_comparative_evaluation","race_neutral_counselling_logistic",0.73,2.7037037037037,0.768670309653916,"support_or_encourage_planned_TOLAC","TOLAC_supported_and_VBAC_occurs","TOLAC_supported_but_TOLAC_fails",301,50,121,77,0.302030628077987,0.143223369088579,0,0.392926101456907,"NH_AIAN"
"2024_posthoc_comparative_evaluation","race_neutral_counselling_logistic",0.74,2.84615384615385,0.768670309653916,"support_or_encourage_planned_TOLAC","TOLAC_supported_and_VBAC_occurs","TOLAC_supported_but_TOLAC_fails",287,48,135,79,0.273924618186913,0.110270421745832,0,0.356361647830842,"NH_AIAN"
"2024_posthoc_comparative_evaluation","race_neutral_counselling_logistic",0.75,3,0.768670309653916,"support_or_encourage_planned_TOLAC","TOLAC_supported_and_VBAC_occurs","TOLAC_supported_but_TOLAC_fails",275,46,147,81,0.249544626593807,0.0746812386156649,0,0.324644549763033,"NH_AIAN"
"2024_posthoc_comparative_evaluation","race_neutral_counselling_logistic",0.76,3.16666666666667,0.768670309653916,"support_or_encourage_planned_TOLAC","TOLAC_supported_and_VBAC_occurs","TOLAC_supported_but_TOLAC_fails",268,39,154,88,0.263205828779599,0.0361262902246509,0,0.342417061611374,"NH_AIAN"
"2024_posthoc_comparative_evaluation","race_neutral_counselling_logistic",0.77,3.34782608695652,0.768670309653916,"support_or_encourage_planned_TOLAC","TOLAC_supported_and_VBAC_occurs","TOLAC_supported_but_TOLAC_fails",257,37,165,90,0.242496238219688,-0.00578126237427734,0,0.315474963939831,"NH_AIAN"
"2024_posthoc_comparative_evaluation","race_neutral_counselling_logistic",0.78,3.54545454545455,0.768670309653916,"support_or_encourage_planned_TOLAC","TOLAC_supported_and_VBAC_occurs","TOLAC_supported_but_TOLAC_fails",250,36,172,91,0.222884583540321,-0.051498592482199,0,0.289961223610513,"NH_AIAN"
"2024_posthoc_comparative_evaluation","race_neutral_counselling_logistic",0.79,3.76190476190476,0.768670309653916,"support_or_encourage_planned_TOLAC","TOLAC_supported_and_VBAC_occurs","TOLAC_supported_but_TOLAC_fails",236,33,186,94,0.203747072599532,-0.101569954028971,0,0.265064319566689,"NH_AIAN"
"2024_posthoc_comparative_evaluation","race_neutral_counselling_logistic",0.8,4,0.768670309653916,"support_or_encourage_planned_TOLAC","TOLAC_supported_and_VBAC_occurs","TOLAC_supported_but_TOLAC_fails",222,30,200,97,0.185792349726776,-0.156648451730419,0,0.241706161137441,"NH_AIAN"
"2024_posthoc_comparative_evaluation","race_neutral_counselling_logistic",0.81,4.26315789473684,0.768670309653916,"support_or_encourage_planned_TOLAC","TOLAC_supported_and_VBAC_occurs","TOLAC_supported_but_TOLAC_fails",210,29,212,98,0.157319528329019,-0.21752468603202,0,0.204664504864056,"NH_AIAN"
"2024_posthoc_comparative_evaluation","race_neutral_counselling_logistic",0.82,4.55555555555556,0.768670309653916,"support_or_encourage_planned_TOLAC","TOLAC_supported_and_VBAC_occurs","TOLAC_supported_but_TOLAC_fails",198,29,224,98,0.120016191054442,-0.285164946367132,0,0.156134807793575,"NH_AIAN"
"2024_posthoc_comparative_evaluation","race_neutral_counselling_logistic",0.83,4.88235294117647,0.768670309653916,"support_or_encourage_planned_TOLAC","TOLAC_supported_and_VBAC_occurs","TOLAC_supported_but_TOLAC_fails",183,27,239,100,0.0932176149148183,-0.360762884388728,0,0.121271257318093,"NH_AIAN"
"2024_posthoc_comparative_evaluation","race_neutral_counselling_logistic",0.84,5.25,0.768670309653916,"support_or_encourage_planned_TOLAC","TOLAC_supported_and_VBAC_occurs","TOLAC_supported_but_TOLAC_fails",174,27,248,100,0.0587431693989069,-0.445810564663024,0,0.0764218009478671,"NH_AIAN"
"2024_posthoc_comparative_evaluation","race_neutral_counselling_logistic",0.85,5.66666666666667,0.768670309653916,"support_or_encourage_planned_TOLAC","TOLAC_supported_and_VBAC_occurs","TOLAC_supported_but_TOLAC_fails",165,26,257,101,0.0321797207043107,-0.542197935640559,0,0.0418641390205369,"NH_AIAN"
"2024_posthoc_comparative_evaluation","race_neutral_counselling_logistic",0.86,6.14285714285715,0.768670309653916,"support_or_encourage_planned_TOLAC","TOLAC_supported_and_VBAC_occurs","TOLAC_supported_but_TOLAC_fails",151,23,271,104,0.017694509497788,-0.652354931043457,0,0.0230196343940417,"NH_AIAN"
"2024_posthoc_comparative_evaluation","race_neutral_counselling_logistic",0.87,6.6923076923077,0.768670309653916,"support_or_encourage_planned_TOLAC","TOLAC_supported_and_VBAC_occurs","TOLAC_supported_but_TOLAC_fails",136,19,286,108,0.0161132128345241,-0.779459156508338,0,0.0209624498724022,"NH_AIAN"
"2024_posthoc_comparative_evaluation","race_neutral_counselling_logistic",0.88,7.33333333333334,0.768670309653916,"support_or_encourage_planned_TOLAC","TOLAC_supported_and_VBAC_occurs","TOLAC_supported_but_TOLAC_fails",118,19,304,108,-0.0388585306618096,-0.9277474195507,0,-0.0505529225908376,"NH_AIAN"
"2024_posthoc_comparative_evaluation","race_neutral_counselling_logistic",0.89,8.0909090909091,0.768670309653916,"support_or_encourage_planned_TOLAC","TOLAC_supported_and_VBAC_occurs","TOLAC_supported_but_TOLAC_fails",107,19,315,108,-0.0851134293757247,-1.1029971849644,0,-0.110728134424817,"NH_AIAN"
"2024_posthoc_comparative_evaluation","race_neutral_counselling_logistic",0.9,9,0.768670309653916,"support_or_encourage_planned_TOLAC","TOLAC_supported_and_VBAC_occurs","TOLAC_supported_but_TOLAC_fails",95,18,327,109,-0.122040072859745,-1.31329690346084,0,-0.158767772511848,"NH_AIAN"
"2024_posthoc_comparative_evaluation","race_inclusive_counselling_logistic",0.2,0.25,0.768670309653916,"support_or_encourage_planned_TOLAC","TOLAC_supported_and_VBAC_occurs","TOLAC_supported_but_TOLAC_fails",422,127,0,0,0.710837887067395,0.710837887067395,0,0.924763033175355,"NH_AIAN"
"2024_posthoc_comparative_evaluation","race_inclusive_counselling_logistic",0.21,0.265822784810127,0.768670309653916,"support_or_encourage_planned_TOLAC","TOLAC_supported_and_VBAC_occurs","TOLAC_supported_but_TOLAC_fails",422,127,0,0,0.707177607156856,0.707177607156856,0,0.920001199832023,"NH_AIAN"
"2024_posthoc_comparative_evaluation","race_inclusive_counselling_logistic",0.22,0.282051282051282,0.768670309653916,"support_or_encourage_planned_TOLAC","TOLAC_supported_and_VBAC_occurs","TOLAC_supported_but_TOLAC_fails",422,127,0,0,0.703423473915277,0.703423473915277,0,0.915117268197837,"NH_AIAN"
"2024_posthoc_comparative_evaluation","race_inclusive_counselling_logistic",0.23,0.298701298701299,0.768670309653916,"support_or_encourage_planned_TOLAC","TOLAC_supported_and_VBAC_occurs","TOLAC_supported_but_TOLAC_fails",422,127,0,0,0.699571830719372,0.699571830719372,0,0.910106481196529,"NH_AIAN"
"2024_posthoc_comparative_evaluation","race_inclusive_counselling_logistic",0.24,0.315789473684211,0.768670309653916,"support_or_encourage_planned_TOLAC","TOLAC_supported_and_VBAC_occurs","TOLAC_supported_but_TOLAC_fails",422,127,0,0,0.695618828491995,0.695618828491995,0,0.904963831379396,"NH_AIAN"
"2024_posthoc_comparative_evaluation","race_inclusive_counselling_logistic",0.25,0.333333333333333,0.768670309653916,"support_or_encourage_planned_TOLAC","TOLAC_supported_and_VBAC_occurs","TOLAC_supported_but_TOLAC_fails",422,127,0,0,0.691560412871888,0.691560412871888,0,0.899684044233807,"NH_AIAN"
"2024_posthoc_comparative_evaluation","race_inclusive_counselling_logistic",0.26,0.351351351351351,0.768670309653916,"support_or_encourage_planned_TOLAC","TOLAC_supported_and_VBAC_occurs","TOLAC_supported_but_TOLAC_fails",422,127,0,0,0.68739231034313,0.68739231034313,0,0.894261560138337,"NH_AIAN"
"2024_posthoc_comparative_evaluation","race_inclusive_counselling_logistic",0.27,0.36986301369863,0.768670309653916,"support_or_encourage_planned_TOLAC","TOLAC_supported_and_VBAC_occurs","TOLAC_supported_but_TOLAC_fails",422,127,0,0,0.683110013224543,0.683110013224543,0,0.888690514834772,"NH_AIAN"
"2024_posthoc_comparative_evaluation","race_inclusive_counselling_logistic",0.28,0.388888888888889,0.768670309653916,"support_or_encourage_planned_TOLAC","TOLAC_supported_and_VBAC_occurs","TOLAC_supported_but_TOLAC_fails",422,127,0,0,0.678708763408217,0.678708763408217,0,0.882964718272775,"NH_AIAN"
"2024_posthoc_comparative_evaluation","race_inclusive_counselling_logistic",0.29,0.408450704225352,0.768670309653916,"support_or_encourage_planned_TOLAC","TOLAC_supported_and_VBAC_occurs","TOLAC_supported_but_TOLAC_fails",422,127,0,0,0.674183534723826,0.674183534723826,0,0.877077631666778,"NH_AIAN"
"2024_posthoc_comparative_evaluation","race_inclusive_counselling_logistic",0.3,0.428571428571429,0.768670309653916,"support_or_encourage_planned_TOLAC","TOLAC_supported_and_VBAC_occurs","TOLAC_supported_but_TOLAC_fails",422,127,0,0,0.669529013791309,0.669529013791309,0,0.871022342586324,"NH_AIAN"
"2024_posthoc_comparative_evaluation","race_inclusive_counselling_logistic",0.31,0.449275362318841,0.768670309653916,"support_or_encourage_planned_TOLAC","TOLAC_supported_and_VBAC_occurs","TOLAC_supported_but_TOLAC_fails",422,126,0,1,0.665557931416805,0.664739579208574,0,0.865856171440346,"NH_AIAN"
"2024_posthoc_comparative_evaluation","race_inclusive_counselling_logistic",0.32,0.470588235294118,0.768670309653916,"support_or_encourage_planned_TOLAC","TOLAC_supported_and_VBAC_occurs","TOLAC_supported_but_TOLAC_fails",422,126,0,1,0.660666452373299,0.659809278902818,0,0.859492612210761,"NH_AIAN"
"2024_posthoc_comparative_evaluation","race_inclusive_counselling_logistic",0.33,0.492537313432836,0.768670309653916,"support_or_encourage_planned_TOLAC","TOLAC_supported_and_VBAC_occurs","TOLAC_supported_but_TOLAC_fails",422,125,0,2,0.656526112606367,0.654731805453606,0,0.854106246021079,"NH_AIAN"
"2024_posthoc_comparative_evaluation","race_inclusive_counselling_logistic",0.34,0.515151515151515,0.768670309653916,"support_or_encourage_planned_TOLAC","TOLAC_supported_and_VBAC_occurs","TOLAC_supported_but_TOLAC_fails",422,125,0,2,0.651377159573881,0.6495004691726,0,0.847407726554646,"NH_AIAN"
"2024_posthoc_comparative_evaluation","race_inclusive_counselling_logistic",0.35,0.538461538461538,0.768670309653916,"support_or_encourage_planned_TOLAC","TOLAC_supported_and_VBAC_occurs","TOLAC_supported_but_TOLAC_fails",422,125,0,2,0.646069777217318,0.644108168698333,0,0.840503098796938,"NH_AIAN"
"2024_posthoc_comparative_evaluation","race_inclusive_counselling_logistic",0.36,0.5625,0.768670309653916,"support_or_encourage_planned_TOLAC","TOLAC_supported_and_VBAC_occurs","TOLAC_supported_but_TOLAC_fails",422,125,0,2,0.640596539162113,0.638547358834244,0,0.833382701421801,"NH_AIAN"
"2024_posthoc_comparative_evaluation","race_inclusive_counselling_logistic",0.37,0.587301587301587,0.768670309653916,"support_or_encourage_planned_TOLAC","TOLAC_supported_and_VBAC_occurs","TOLAC_supported_but_TOLAC_fails",421,125,1,2,0.633128053893081,0.632810015323677,0,0.823666591439103,"NH_AIAN"
"2024_posthoc_comparative_evaluation","race_inclusive_counselling_logistic",0.38,0.612903225806452,0.768670309653916,"support_or_encourage_planned_TOLAC","TOLAC_supported_and_VBAC_occurs","TOLAC_supported_but_TOLAC_fails",421,125,1,2,0.627298901228039,0.626887596215994,0,0.816083167711359,"NH_AIAN"
"2024_posthoc_comparative_evaluation","race_inclusive_counselling_logistic",0.39,0.639344262295082,0.768670309653916,"support_or_encourage_planned_TOLAC","TOLAC_supported_and_VBAC_occurs","TOLAC_supported_but_TOLAC_fails",421,123,1,4,0.623607751799098,0.62077099943265,0,0.811281174733898,"NH_AIAN"
"2024_posthoc_comparative_evaluation","race_inclusive_counselling_logistic",0.4,0.666666666666667,0.768670309653916,"support_or_encourage_planned_TOLAC","TOLAC_supported_and_VBAC_occurs","TOLAC_supported_but_TOLAC_fails",421,123,1,4,0.617486338797814,0.61445051608986,0,0.803317535545024,"NH_AIAN"
"2024_posthoc_comparative_evaluation","race_inclusive_counselling_logistic",0.41,0.694915254237288,0.768670309653916,"support_or_encourage_planned_TOLAC","TOLAC_supported_and_VBAC_occurs","TOLAC_supported_but_TOLAC_fails",421,123,1,4,0.611157420271063,0.607915779074434,0,0.79508394248534,"NH_AIAN"
"2024_posthoc_comparative_evaluation","race_inclusive_counselling_logistic",0.42,0.724137931034483,0.768670309653916,"support_or_encourage_planned_TOLAC","TOLAC_supported_and_VBAC_occurs","TOLAC_supported_but_TOLAC_fails",420,123,2,4,0.602788769549651,0.601155706299856,0,0.784196764177153,"NH_AIAN"
"2024_posthoc_comparative_evaluation","race_inclusive_counselling_logistic",0.43,0.754385964912281,0.768670309653916,"support_or_encourage_planned_TOLAC","TOLAC_supported_and_VBAC_occurs","TOLAC_supported_but_TOLAC_fails",420,122,2,5,0.597385996868309,0.594158437989327,0,0.777168038579862,"NH_AIAN"
"2024_posthoc_comparative_evaluation","race_inclusive_counselling_logistic",0.44,0.785714285714286,0.768670309653916,"support_or_encourage_planned_TOLAC","TOLAC_supported_and_VBAC_occurs","TOLAC_supported_but_TOLAC_fails",420,122,2,5,0.590424147801197,0.586911267239136,0,0.768111035883548,"NH_AIAN"
"2024_posthoc_comparative_evaluation","race_inclusive_counselling_logistic",0.45,0.818181818181818,0.768670309653916,"support_or_encourage_planned_TOLAC","TOLAC_supported_and_VBAC_occurs","TOLAC_supported_but_TOLAC_fails",420,120,2,7,0.586189766517635,0.57940056300712,0,0.762602326583369,"NH_AIAN"
"2024_posthoc_comparative_evaluation","race_inclusive_counselling_logistic",0.46,0.851851851851852,0.768670309653916,"support_or_encourage_planned_TOLAC","TOLAC_supported_and_VBAC_occurs","TOLAC_supported_but_TOLAC_fails",420,120,2,7,0.578830196316535,0.571611684544289,0,0.753027909426014,"NH_AIAN"
"2024_posthoc_comparative_evaluation","race_inclusive_counselling_logistic",0.47,0.886792452830189,0.768670309653916,"support_or_encourage_planned_TOLAC","TOLAC_supported_and_VBAC_occurs","TOLAC_supported_but_TOLAC_fails",420,120,2,7,0.571192906485205,0.563528886139465,0,0.743092193508003,"NH_AIAN"
"2024_posthoc_comparative_evaluation","race_inclusive_counselling_logistic",0.48,0.923076923076923,0.768670309653916,"support_or_encourage_planned_TOLAC","TOLAC_supported_and_VBAC_occurs","TOLAC_supported_but_TOLAC_fails",419,118,3,9,0.56480313857363,0.555135210872916,0,0.734779438570908,"NH_AIAN"
"2024_posthoc_comparative_evaluation","race_inclusive_counselling_logistic",0.49,0.96078431372549,0.768670309653916,"support_or_encourage_planned_TOLAC","TOLAC_supported_and_VBAC_occurs","TOLAC_supported_but_TOLAC_fails",418,118,4,9,0.554876959891425,0.546412371870424,0,0.721865997583868,"NH_AIAN"
"2024_posthoc_comparative_evaluation","race_inclusive_counselling_logistic",0.5,1,0.768670309653916,"support_or_encourage_planned_TOLAC","TOLAC_supported_and_VBAC_occurs","TOLAC_supported_but_TOLAC_fails",417,118,5,9,0.544626593806922,0.537340619307833,0,0.708530805687204,"NH_AIAN"
"2024_posthoc_comparative_evaluation","race_inclusive_counselling_logistic",0.51,1.04081632653061,0.768670309653916,"support_or_encourage_planned_TOLAC","TOLAC_supported_and_VBAC_occurs","TOLAC_supported_but_TOLAC_fails",415,117,7,10,0.53410653879038,0.527898591130441,0,0.69484476254957,"NH_AIAN"
"2024_posthoc_comparative_evaluation","race_inclusive_counselling_logistic",0.52,1.08333333333333,0.768670309653916,"support_or_encourage_planned_TOLAC","TOLAC_supported_and_VBAC_occurs","TOLAC_supported_but_TOLAC_fails",414,116,8,11,0.525197328476017,0.518063145112325,0,0.683254344391785,"NH_AIAN"
"2024_posthoc_comparative_evaluation","race_inclusive_counselling_logistic",0.53,1.12765957446809,0.768670309653916,"support_or_encourage_planned_TOLAC","TOLAC_supported_and_VBAC_occurs","TOLAC_supported_but_TOLAC_fails",414,115,8,12,0.517885517187924,0.507809169476418,0,0.67374205909045,"NH_AIAN"
"2024_posthoc_comparative_evaluation","race_inclusive_counselling_logistic",0.54,1.17391304347826,0.768670309653916,"support_or_encourage_planned_TOLAC","TOLAC_supported_and_VBAC_occurs","TOLAC_supported_but_TOLAC_fails",412,115,10,12,0.504553734061931,0.497109368812861,0,0.656398104265403,"NH_AIAN"
"2024_posthoc_comparative_evaluation","race_inclusive_counselling_logistic",0.55,1.22222222222222,0.768670309653916,"support_or_encourage_planned_TOLAC","TOLAC_supported_and_VBAC_occurs","TOLAC_supported_but_TOLAC_fails",412,113,10,14,0.498886865007084,0.485934021453147,0,0.649025803054239,"NH_AIAN"
"2024_posthoc_comparative_evaluation","race_inclusive_counselling_logistic",0.56,1.27272727272727,0.768670309653916,"support_or_encourage_planned_TOLAC","TOLAC_supported_and_VBAC_occurs","TOLAC_supported_but_TOLAC_fails",411,112,11,15,0.488988243086604,0.4742507037589,0,0.636148211977596,"NH_AIAN"
"2024_posthoc_comparative_evaluation","race_inclusive_counselling_logistic",0.57,1.32558139534884,0.768670309653916,"support_or_encourage_planned_TOLAC","TOLAC_supported_and_VBAC_occurs","TOLAC_supported_but_TOLAC_fails",407,111,15,16,0.47333418053967,0.46202397593934,0,0.615783092692604,"NH_AIAN"
"2024_posthoc_comparative_evaluation","race_inclusive_counselling_logistic",0.58,1.38095238095238,0.768670309653916,"support_or_encourage_planned_TOLAC","TOLAC_supported_and_VBAC_occurs","TOLAC_supported_but_TOLAC_fails",407,107,15,20,0.472200537774308,0.449215022985515,0,0.614308282554728,"NH_AIAN"
"2024_posthoc_comparative_evaluation","race_inclusive_counselling_logistic",0.59,1.4390243902439,0.768670309653916,"support_or_encourage_planned_TOLAC","TOLAC_supported_and_VBAC_occurs","TOLAC_supported_but_TOLAC_fails",406,106,16,21,0.461681993869119,0.435781243058332,0,0.600624205294185,"NH_AIAN"
"2024_posthoc_comparative_evaluation","race_inclusive_counselling_logistic",0.6,1.5,0.768670309653916,"support_or_encourage_planned_TOLAC","TOLAC_supported_and_VBAC_occurs","TOLAC_supported_but_TOLAC_fails",404,105,18,22,0.448998178506375,0.42167577413479,0,0.584123222748815,"NH_AIAN"
"2024_posthoc_comparative_evaluation","race_inclusive_counselling_logistic",0.61,1.56410256410256,0.768670309653916,"support_or_encourage_planned_TOLAC","TOLAC_supported_and_VBAC_occurs","TOLAC_supported_but_TOLAC_fails",399,100,23,27,0.441875671383868,0.406846947830554,0,0.57485721229797,"NH_AIAN"
"2024_posthoc_comparative_evaluation","race_inclusive_counselling_logistic",0.62,1.63157894736842,0.768670309653916,"support_or_encourage_planned_TOLAC","TOLAC_supported_and_VBAC_occurs","TOLAC_supported_but_TOLAC_fails",396,98,26,29,0.430064231617295,0.39123765698399,0,0.559491144923921,"NH_AIAN"
"2024_posthoc_comparative_evaluation","race_inclusive_counselling_logistic",0.63,1.7027027027027,0.768670309653916,"support_or_encourage_planned_TOLAC","TOLAC_supported_and_VBAC_occurs","TOLAC_supported_but_TOLAC_fails",393,95,29,32,0.421208093339241,0.37478462068626,0,0.547969770718586,"NH_AIAN"
"2024_posthoc_comparative_evaluation","race_inclusive_counselling_logistic",0.64,1.77777777777778,0.768670309653916,"support_or_encourage_planned_TOLAC","TOLAC_supported_and_VBAC_occurs","TOLAC_supported_but_TOLAC_fails",390,92,32,35,0.412467111920664,0.357417526816434,0,0.536598209583992,"NH_AIAN"
"2024_posthoc_comparative_evaluation","race_inclusive_counselling_logistic",0.65,1.85714285714286,0.768670309653916,"support_or_encourage_planned_TOLAC","TOLAC_supported_and_VBAC_occurs","TOLAC_supported_but_TOLAC_fails",382,89,40,38,0.394743689825657,0.339058027582618,0,0.51354096140826,"NH_AIAN"
"2024_posthoc_comparative_evaluation","race_inclusive_counselling_logistic",0.66,1.94117647058824,0.768670309653916,"support_or_encourage_planned_TOLAC","TOLAC_supported_and_VBAC_occurs","TOLAC_supported_but_TOLAC_fails",378,87,44,40,0.380906460945034,0.319618557805636,0,0.495539448006691,"NH_AIAN"
"2024_posthoc_comparative_evaluation","race_inclusive_counselling_logistic",0.67,2.03030303030303,0.768670309653916,"support_or_encourage_planned_TOLAC","TOLAC_supported_and_VBAC_occurs","TOLAC_supported_but_TOLAC_fails",367,87,55,40,0.346746150024838,0.299000938345201,0,0.451098664368806,"NH_AIAN"
"2024_posthoc_comparative_evaluation","race_inclusive_counselling_logistic",0.68,2.125,0.768670309653916,"support_or_encourage_planned_TOLAC","TOLAC_supported_and_VBAC_occurs","TOLAC_supported_but_TOLAC_fails",353,79,69,48,0.337204007285975,0.277094717668488,0,0.438684834123223,"NH_AIAN"
"2024_posthoc_comparative_evaluation","race_inclusive_counselling_logistic",0.69,2.2258064516129,0.768670309653916,"support_or_encourage_planned_TOLAC","TOLAC_supported_and_VBAC_occurs","TOLAC_supported_but_TOLAC_fails",345,72,77,55,0.336506257711969,0.253775192431988,0,0.437777098303012,"NH_AIAN"
"2024_posthoc_comparative_evaluation","race_inclusive_counselling_logistic",0.7,2.33333333333333,0.768670309653916,"support_or_encourage_planned_TOLAC","TOLAC_supported_and_VBAC_occurs","TOLAC_supported_but_TOLAC_fails",334,66,88,61,0.327868852459016,0.228901032179721,0,0.42654028436019,"NH_AIAN"
"2024_posthoc_comparative_evaluation","race_inclusive_counselling_logistic",0.71,2.44827586206897,0.768670309653916,"support_or_encourage_planned_TOLAC","TOLAC_supported_and_VBAC_occurs","TOLAC_supported_but_TOLAC_fails",330,62,92,65,0.324602725959425,0.202311412599711,0,0.422291224056218,"NH_AIAN"
"2024_posthoc_comparative_evaluation","race_inclusive_counselling_logistic",0.72,2.57142857142857,0.768670309653916,"support_or_encourage_planned_TOLAC","TOLAC_supported_and_VBAC_occurs","TOLAC_supported_but_TOLAC_fails",320,59,102,68,0.306531355711684,0.173822534478272,0,0.398781313473257,"NH_AIAN"
"2024_posthoc_comparative_evaluation","race_inclusive_counselling_logistic",0.73,2.7037037037037,0.768670309653916,"support_or_encourage_planned_TOLAC","TOLAC_supported_and_VBAC_occurs","TOLAC_supported_but_TOLAC_fails",311,54,111,73,0.300546448087432,0.143223369088579,0,0.390995260663507,"NH_AIAN"
"2024_posthoc_comparative_evaluation","race_inclusive_counselling_logistic",0.74,2.84615384615385,0.768670309653916,"support_or_encourage_planned_TOLAC","TOLAC_supported_and_VBAC_occurs","TOLAC_supported_but_TOLAC_fails",300,51,122,76,0.282051282051282,0.110270421745832,0,0.366934013853445,"NH_AIAN"
"2024_posthoc_comparative_evaluation","race_inclusive_counselling_logistic",0.75,3,0.768670309653916,"support_or_encourage_planned_TOLAC","TOLAC_supported_and_VBAC_occurs","TOLAC_supported_but_TOLAC_fails",291,49,131,78,0.262295081967213,0.0746812386156649,0,0.341232227488152,"NH_AIAN"
"2024_posthoc_comparative_evaluation","race_inclusive_counselling_logistic",0.76,3.16666666666667,0.768670309653916,"support_or_encourage_planned_TOLAC","TOLAC_supported_and_VBAC_occurs","TOLAC_supported_but_TOLAC_fails",277,46,145,81,0.239222829386764,0.0361262902246509,0,0.311216429699842,"NH_AIAN"
"2024_posthoc_comparative_evaluation","race_inclusive_counselling_logistic",0.77,3.34782608695652,0.768670309653916,"support_or_encourage_planned_TOLAC","TOLAC_supported_and_VBAC_occurs","TOLAC_supported_but_TOLAC_fails",267,40,155,87,0.242417042844698,-0.00578126237427734,0,0.315371934885638,"NH_AIAN"
"2024_posthoc_comparative_evaluation","race_inclusive_counselling_logistic",0.78,3.54545454545455,0.768670309653916,"support_or_encourage_planned_TOLAC","TOLAC_supported_and_VBAC_occurs","TOLAC_supported_but_TOLAC_fails",257,37,165,90,0.229177016062262,-0.051498592482199,0,0.298147350280052,"NH_AIAN"
"2024_posthoc_comparative_evaluation","race_inclusive_counselling_logistic",0.79,3.76190476190476,0.768670309653916,"support_or_encourage_planned_TOLAC","TOLAC_supported_and_VBAC_occurs","TOLAC_supported_but_TOLAC_fails",247,35,175,92,0.210078931390407,-0.101569954028971,0,0.273301737756714,"NH_AIAN"
"2024_posthoc_comparative_evaluation","race_inclusive_counselling_logistic",0.8,4,0.768670309653916,"support_or_encourage_planned_TOLAC","TOLAC_supported_and_VBAC_occurs","TOLAC_supported_but_TOLAC_fails",236,32,186,95,0.19672131147541,-0.156648451730419,0,0.255924170616114,"NH_AIAN"
"2024_posthoc_comparative_evaluation","race_inclusive_counselling_logistic",0.81,4.26315789473684,0.768670309653916,"support_or_encourage_planned_TOLAC","TOLAC_supported_and_VBAC_occurs","TOLAC_supported_but_TOLAC_fails",220,30,202,97,0.167769149650081,-0.21752468603202,0,0.218258917435769,"NH_AIAN"
"2024_posthoc_comparative_evaluation","race_inclusive_counselling_logistic",0.82,4.55555555555556,0.768670309653916,"support_or_encourage_planned_TOLAC","TOLAC_supported_and_VBAC_occurs","TOLAC_supported_but_TOLAC_fails",212,29,210,98,0.145517101801255,-0.285164946367132,0,0.189310163243812,"NH_AIAN"
"2024_posthoc_comparative_evaluation","race_inclusive_counselling_logistic",0.83,4.88235294117647,0.768670309653916,"support_or_encourage_planned_TOLAC","TOLAC_supported_and_VBAC_occurs","TOLAC_supported_but_TOLAC_fails",198,28,224,99,0.111646844530162,-0.360762884388728,0,0.14524672428213,"NH_AIAN"
"2024_posthoc_comparative_evaluation","race_inclusive_counselling_logistic",0.84,5.25,0.768670309653916,"support_or_encourage_planned_TOLAC","TOLAC_supported_and_VBAC_occurs","TOLAC_supported_but_TOLAC_fails",183,27,239,100,0.0751366120218577,-0.445810564663024,0,0.0977488151658765,"NH_AIAN"
"2024_posthoc_comparative_evaluation","race_inclusive_counselling_logistic",0.85,5.66666666666667,0.768670309653916,"support_or_encourage_planned_TOLAC","TOLAC_supported_and_VBAC_occurs","TOLAC_supported_but_TOLAC_fails",171,26,251,101,0.0431086824529446,-0.542197935640559,0,0.0560821484992099,"NH_AIAN"
"2024_posthoc_comparative_evaluation","race_inclusive_counselling_logistic",0.86,6.14285714285715,0.768670309653916,"support_or_encourage_planned_TOLAC","TOLAC_supported_and_VBAC_occurs","TOLAC_supported_but_TOLAC_fails",163,25,259,102,0.017174082747853,-0.652354931043457,0,0.0223425863236287,"NH_AIAN"
"2024_posthoc_comparative_evaluation","race_inclusive_counselling_logistic",0.87,6.6923076923077,0.768670309653916,"support_or_encourage_planned_TOLAC","TOLAC_supported_and_VBAC_occurs","TOLAC_supported_but_TOLAC_fails",149,23,273,104,-0.00896735322964859,-0.779459156508338,0,-0.0116660590594243,"NH_AIAN"
"2024_posthoc_comparative_evaluation","race_inclusive_counselling_logistic",0.88,7.33333333333334,0.768670309653916,"support_or_encourage_planned_TOLAC","TOLAC_supported_and_VBAC_occurs","TOLAC_supported_but_TOLAC_fails",132,19,290,108,-0.0133576199149972,-0.9277474195507,0,-0.0173775671406007,"NH_AIAN"
"2024_posthoc_comparative_evaluation","race_inclusive_counselling_logistic",0.89,8.0909090909091,0.768670309653916,"support_or_encourage_planned_TOLAC","TOLAC_supported_and_VBAC_occurs","TOLAC_supported_but_TOLAC_fails",120,19,302,108,-0.0614340122536847,-1.1029971849644,0,-0.0799224472210258,"NH_AIAN"
"2024_posthoc_comparative_evaluation","race_inclusive_counselling_logistic",0.9,9,0.768670309653916,"support_or_encourage_planned_TOLAC","TOLAC_supported_and_VBAC_occurs","TOLAC_supported_but_TOLAC_fails",105,19,317,108,-0.120218579234973,-1.31329690346084,0,-0.156398104265403,"NH_AIAN"
"2024_posthoc_comparative_evaluation","race_neutral_counselling_logistic",0.2,0.25,0.715016501650165,"support_or_encourage_planned_TOLAC","TOLAC_supported_and_VBAC_occurs","TOLAC_supported_but_TOLAC_fails",4333,1726,0,1,0.643811881188119,0.643770627062706,0,0.900415416570505,"NH_Asian"
"2024_posthoc_comparative_evaluation","race_neutral_counselling_logistic",0.21,0.265822784810127,0.715016501650165,"support_or_encourage_planned_TOLAC","TOLAC_supported_and_VBAC_occurs","TOLAC_supported_but_TOLAC_fails",4333,1726,0,1,0.639305259639888,0.63926139449388,0,0.894112594834461,"NH_Asian"
"2024_posthoc_comparative_evaluation","race_neutral_counselling_logistic",0.22,0.282051282051282,0.715016501650165,"support_or_encourage_planned_TOLAC","TOLAC_supported_and_VBAC_occurs","TOLAC_supported_but_TOLAC_fails",4333,1726,0,1,0.634683083692985,0.634636540577135,0,0.887648162284673,"NH_Asian"
"2024_posthoc_comparative_evaluation","race_neutral_counselling_logistic",0.23,0.298701298701299,0.715016501650165,"support_or_encourage_planned_TOLAC","TOLAC_supported_and_VBAC_occurs","TOLAC_supported_but_TOLAC_fails",4333,1726,0,1,0.62994085122798,0.62989156058463,0,0.881015822395929,"NH_Asian"
"2024_posthoc_comparative_evaluation","race_neutral_counselling_logistic",0.24,0.315789473684211,0.715016501650165,"support_or_encourage_planned_TOLAC","TOLAC_supported_and_VBAC_occurs","TOLAC_supported_but_TOLAC_fails",4333,1726,0,1,0.625073823171791,0.625021712697586,0,0.874208947246954,"NH_Asian"
"2024_posthoc_comparative_evaluation","race_neutral_counselling_logistic",0.25,0.333333333333333,0.715016501650165,"support_or_encourage_planned_TOLAC","TOLAC_supported_and_VBAC_occurs","TOLAC_supported_but_TOLAC_fails",4333,1726,0,1,0.62007700770077,0.62002200220022,0,0.867220555427341,"NH_Asian"
"2024_posthoc_comparative_evaluation","race_neutral_counselling_logistic",0.26,0.351351351351351,0.715016501650165,"support_or_encourage_planned_TOLAC","TOLAC_supported_and_VBAC_occurs","TOLAC_supported_but_TOLAC_fails",4333,1726,0,1,0.614945143162965,0.614887164392115,0,0.860043288153143,"NH_Asian"
"2024_posthoc_comparative_evaluation","race_neutral_counselling_logistic",0.27,0.36986301369863,0.715016501650165,"support_or_encourage_planned_TOLAC","TOLAC_supported_and_VBAC_occurs","TOLAC_supported_but_TOLAC_fails",4333,1726,0,1,0.609672679596727,0.609611646096117,0,0.852669383419378,"NH_Asian"
"2024_posthoc_comparative_evaluation","race_neutral_counselling_logistic",0.28,0.388888888888889,0.715016501650165,"support_or_encourage_planned_TOLAC","TOLAC_supported_and_VBAC_occurs","TOLAC_supported_but_TOLAC_fails",4333,1726,0,1,0.604253758709204,0.604189585625229,0,0.845090647998564,"NH_Asian"
"2024_posthoc_comparative_evaluation","race_neutral_counselling_logistic",0.29,0.408450704225352,0.715016501650165,"support_or_encourage_planned_TOLAC","TOLAC_supported_and_VBAC_occurs","TOLAC_supported_but_TOLAC_fails",4333,1726,0,1,0.598682192162878,0.59861479105657,0,0.837298427072938,"NH_Asian"
"2024_posthoc_comparative_evaluation","race_neutral_counselling_logistic",0.3,0.428571428571429,0.715016501650165,"support_or_encourage_planned_TOLAC","TOLAC_supported_and_VBAC_occurs","TOLAC_supported_but_TOLAC_fails",4332,1725,1,2,0.592857142857143,0.592880716643093,0,0.829151692987372,"NH_Asian"
"2024_posthoc_comparative_evaluation","race_neutral_counselling_logistic",0.31,0.449275362318841,0.715016501650165,"support_or_encourage_planned_TOLAC","TOLAC_supported_and_VBAC_occurs","TOLAC_supported_but_TOLAC_fails",4332,1725,1,2,0.586963696369637,0.586980437174152,0,0.82090930071544,"NH_Asian"
"2024_posthoc_comparative_evaluation","race_neutral_counselling_logistic",0.32,0.470588235294118,0.715016501650165,"support_or_encourage_planned_TOLAC","TOLAC_supported_and_VBAC_occurs","TOLAC_supported_but_TOLAC_fails",4332,1723,1,4,0.581052222869346,0.580906620073772,0,0.812641696420087,"NH_Asian"
"2024_posthoc_comparative_evaluation","race_neutral_counselling_logistic",0.33,0.492537313432836,0.715016501650165,"support_or_encourage_planned_TOLAC","TOLAC_supported_and_VBAC_occurs","TOLAC_supported_but_TOLAC_fails",4332,1723,1,4,0.574811585636176,0.574651495000246,0,0.803913733892274,"NH_Asian"
"2024_posthoc_comparative_evaluation","race_neutral_counselling_logistic",0.34,0.515151515151515,0.715016501650165,"support_or_encourage_planned_TOLAC","TOLAC_supported_and_VBAC_occurs","TOLAC_supported_but_TOLAC_fails",4330,1723,3,4,0.568051805180518,0.568206820682068,0,0.794459713684269,"NH_Asian"
"2024_posthoc_comparative_evaluation","race_neutral_counselling_logistic",0.35,0.538461538461538,0.715016501650165,"support_or_encourage_planned_TOLAC","TOLAC_supported_and_VBAC_occurs","TOLAC_supported_but_TOLAC_fails",4327,1722,6,5,0.561018024879411,0.561563848692562,0,0.784622485753342,"NH_Asian"
"2024_posthoc_comparative_evaluation","race_neutral_counselling_logistic",0.36,0.5625,0.715016501650165,"support_or_encourage_planned_TOLAC","TOLAC_supported_and_VBAC_occurs","TOLAC_supported_but_TOLAC_fails",4326,1720,7,7,0.554207920792079,0.554713283828383,0,0.775098084468036,"NH_Asian"
"2024_posthoc_comparative_evaluation","race_neutral_counselling_logistic",0.37,0.587301587301587,0.715016501650165,"support_or_encourage_planned_TOLAC","TOLAC_supported_and_VBAC_occurs","TOLAC_supported_but_TOLAC_fails",4325,1719,8,8,0.547100424328147,0.547645240714548,0,0.765157759388085,"NH_Asian"
"2024_posthoc_comparative_evaluation","race_neutral_counselling_logistic",0.38,0.612903225806452,0.715016501650165,"support_or_encourage_planned_TOLAC","TOLAC_supported_and_VBAC_occurs","TOLAC_supported_but_TOLAC_fails",4325,1718,8,9,0.539939316512296,0.540349196209944,0,0.755142455126821,"NH_Asian"
"2024_posthoc_comparative_evaluation","race_neutral_counselling_logistic",0.39,0.639344262295082,0.715016501650165,"support_or_encourage_planned_TOLAC","TOLAC_supported_and_VBAC_occurs","TOLAC_supported_but_TOLAC_fails",4325,1716,8,11,0.532654331006871,0.532813937131418,0,0.744953899354175,"NH_Asian"
"2024_posthoc_comparative_evaluation","race_neutral_counselling_logistic",0.4,0.666666666666667,0.715016501650165,"support_or_encourage_planned_TOLAC","TOLAC_supported_and_VBAC_occurs","TOLAC_supported_but_TOLAC_fails",4324,1713,9,14,0.525082508250825,0.525027502750275,0,0.734364181860143,"NH_Asian"
"2024_posthoc_comparative_evaluation","race_neutral_counselling_logistic",0.41,0.694915254237288,0.715016501650165,"support_or_encourage_planned_TOLAC","TOLAC_supported_and_VBAC_occurs","TOLAC_supported_but_TOLAC_fails",4322,1707,11,20,0.517455389606757,0.516977121440958,0,0.723697129244622,"NH_Asian"
"2024_posthoc_comparative_evaluation","race_neutral_counselling_logistic",0.42,0.724137931034483,0.715016501650165,"support_or_encourage_planned_TOLAC","TOLAC_supported_and_VBAC_occurs","TOLAC_supported_but_TOLAC_fails",4321,1704,12,23,0.509417321042449,0.508649140776147,0,0.712455334760499,"NH_Asian"
"2024_posthoc_comparative_evaluation","race_neutral_counselling_logistic",0.43,0.754385964912281,0.715016501650165,"support_or_encourage_planned_TOLAC","TOLAC_supported_and_VBAC_occurs","TOLAC_supported_but_TOLAC_fails",4319,1700,14,27,0.501079844826588,0.500028950263447,0,0.700794797980411,"NH_Asian"
"2024_posthoc_comparative_evaluation","race_neutral_counselling_logistic",0.44,0.785714285714286,0.715016501650165,"support_or_encourage_planned_TOLAC","TOLAC_supported_and_VBAC_occurs","TOLAC_supported_but_TOLAC_fails",4318,1693,15,34,0.493033946251768,0.491100895803866,0,0.689542052685371,"NH_Asian"
"2024_posthoc_comparative_evaluation","race_neutral_counselling_logistic",0.45,0.818181818181818,0.715016501650165,"support_or_encourage_planned_TOLAC","TOLAC_supported_and_VBAC_occurs","TOLAC_supported_but_TOLAC_fails",4313,1688,20,39,0.483813381338134,0.481848184818482,0,0.676646455321738,"NH_Asian"
"2024_posthoc_comparative_evaluation","race_neutral_counselling_logistic",0.46,0.851851851851852,0.715016501650165,"support_or_encourage_planned_TOLAC","TOLAC_supported_and_VBAC_occurs","TOLAC_supported_but_TOLAC_fails",4304,1680,29,47,0.474074074074074,0.472252780833639,0,0.663025360925199,"NH_Asian"
"2024_posthoc_comparative_evaluation","race_neutral_counselling_logistic",0.47,0.886792452830189,0.715016501650165,"support_or_encourage_planned_TOLAC","TOLAC_supported_and_VBAC_occurs","TOLAC_supported_but_TOLAC_fails",4301,1673,32,54,0.464916869045395,0.462295286132387,0,0.650218376740156,"NH_Asian"
"2024_posthoc_comparative_evaluation","race_neutral_counselling_logistic",0.48,0.923076923076923,0.715016501650165,"support_or_encourage_planned_TOLAC","TOLAC_supported_and_VBAC_occurs","TOLAC_supported_but_TOLAC_fails",4294,1667,39,60,0.454658542777355,0.451954810865702,0,0.635871398391592,"NH_Asian"
"2024_posthoc_comparative_evaluation","race_neutral_counselling_logistic",0.49,0.96078431372549,0.715016501650165,"support_or_encourage_planned_TOLAC","TOLAC_supported_and_VBAC_occurs","TOLAC_supported_but_TOLAC_fails",4287,1653,46,74,0.445350417394681,0.441208826765029,0,0.622853341659766,"NH_Asian"
"2024_posthoc_comparative_evaluation","race_neutral_counselling_logistic",0.5,1,0.715016501650165,"support_or_encourage_planned_TOLAC","TOLAC_supported_and_VBAC_occurs","TOLAC_supported_but_TOLAC_fails",4273,1643,60,84,0.433993399339934,0.43003300330033,0,0.606969766905147,"NH_Asian"
"2024_posthoc_comparative_evaluation","race_neutral_counselling_logistic",0.51,1.04081632653061,0.715016501650165,"support_or_encourage_planned_TOLAC","TOLAC_supported_and_VBAC_occurs","TOLAC_supported_but_TOLAC_fails",4259,1625,74,102,0.423708493298309,0.418401023775847,0,0.592585614906013,"NH_Asian"
"2024_posthoc_comparative_evaluation","race_neutral_counselling_logistic",0.52,1.08333333333333,0.715016501650165,"support_or_encourage_planned_TOLAC","TOLAC_supported_and_VBAC_occurs","TOLAC_supported_but_TOLAC_fails",4250,1605,83,122,0.414397689768977,0.406284378437844,0,0.579563812600969,"NH_Asian"
"2024_posthoc_comparative_evaluation","race_neutral_counselling_logistic",0.53,1.12765957446809,0.715016501650165,"support_or_encourage_planned_TOLAC","TOLAC_supported_and_VBAC_occurs","TOLAC_supported_but_TOLAC_fails",4228,1590,105,137,0.401818692507549,0.393652131170564,0,0.561971215461746,"NH_Asian"
"2024_posthoc_comparative_evaluation","race_neutral_counselling_logistic",0.54,1.17391304347826,0.715016501650165,"support_or_encourage_planned_TOLAC","TOLAC_supported_and_VBAC_occurs","TOLAC_supported_but_TOLAC_fails",4210,1580,123,147,0.388649734538671,0.380470655761228,0,0.543553517494657,"NH_Asian"
"2024_posthoc_comparative_evaluation","race_neutral_counselling_logistic",0.55,1.22222222222222,0.715016501650165,"support_or_encourage_planned_TOLAC","TOLAC_supported_and_VBAC_occurs","TOLAC_supported_but_TOLAC_fails",4186,1551,147,176,0.377942794279428,0.366703337000367,0,0.528579121470882,"NH_Asian"
"2024_posthoc_comparative_evaluation","race_neutral_counselling_logistic",0.56,1.27272727272727,0.715016501650165,"support_or_encourage_planned_TOLAC","TOLAC_supported_and_VBAC_occurs","TOLAC_supported_but_TOLAC_fails",4154,1514,179,213,0.367506750675067,0.352310231023102,0,0.513983593143528,"NH_Asian"
"2024_posthoc_comparative_evaluation","race_neutral_counselling_logistic",0.57,1.32558139534884,0.715016501650165,"support_or_encourage_planned_TOLAC","TOLAC_supported_and_VBAC_occurs","TOLAC_supported_but_TOLAC_fails",4111,1480,222,247,0.354643487604574,0.337247678256198,0,0.495993430621676,"NH_Asian"
"2024_posthoc_comparative_evaluation","race_neutral_counselling_logistic",0.58,1.38095238095238,0.715016501650165,"support_or_encourage_planned_TOLAC","TOLAC_supported_and_VBAC_occurs","TOLAC_supported_but_TOLAC_fails",4064,1449,269,278,0.34042904290429,0.321467861071821,0,0.476113547195938,"NH_Asian"
"2024_posthoc_comparative_evaluation","race_neutral_counselling_logistic",0.59,1.4390243902439,0.715016501650165,"support_or_encourage_planned_TOLAC","TOLAC_supported_and_VBAC_occurs","TOLAC_supported_but_TOLAC_fails",4019,1400,314,327,0.330753441197778,0.304918296707719,0,0.462581549425003,"NH_Asian"
"2024_posthoc_comparative_evaluation","race_neutral_counselling_logistic",0.6,1.5,0.715016501650165,"support_or_encourage_planned_TOLAC","TOLAC_supported_and_VBAC_occurs","TOLAC_supported_but_TOLAC_fails",3959,1353,374,374,0.318399339933993,0.287541254125412,0,0.445303484883452,"NH_Asian"
"2024_posthoc_comparative_evaluation","race_neutral_counselling_logistic",0.61,1.56410256410256,0.715016501650165,"support_or_encourage_planned_TOLAC","TOLAC_supported_and_VBAC_occurs","TOLAC_supported_but_TOLAC_fails",3886,1293,447,434,0.307527291190657,0.269273081154269,0,0.43009817323226,"NH_Asian"
"2024_posthoc_comparative_evaluation","race_neutral_counselling_logistic",0.62,1.63157894736842,0.715016501650165,"support_or_encourage_planned_TOLAC","TOLAC_supported_and_VBAC_occurs","TOLAC_supported_but_TOLAC_fails",3795,1234,538,493,0.293998610387355,0.250043425395171,0,0.411177378016932,"NH_Asian"
"2024_posthoc_comparative_evaluation","race_neutral_counselling_logistic",0.63,1.7027027027027,0.715016501650165,"support_or_encourage_planned_TOLAC","TOLAC_supported_and_VBAC_occurs","TOLAC_supported_but_TOLAC_fails",3691,1177,642,550,0.278369458567478,0.22977432878423,0,0.389318928898897,"NH_Asian"
"2024_posthoc_comparative_evaluation","race_neutral_counselling_logistic",0.64,1.77777777777778,0.715016501650165,"support_or_encourage_planned_TOLAC","TOLAC_supported_and_VBAC_occurs","TOLAC_supported_but_TOLAC_fails",3560,1106,773,621,0.262999633296663,0.208379171250458,0,0.367823165884555,"NH_Asian"
"2024_posthoc_comparative_evaluation","race_neutral_counselling_logistic",0.65,1.85714285714286,0.715016501650165,"support_or_encourage_planned_TOLAC","TOLAC_supported_and_VBAC_occurs","TOLAC_supported_but_TOLAC_fails",3446,1011,887,716,0.258816595945309,0.185761433286186,0,0.36197289901421,"NH_Asian"
"2024_posthoc_comparative_evaluation","race_neutral_counselling_logistic",0.66,1.94117647058824,0.715016501650165,"support_or_encourage_planned_TOLAC","TOLAC_supported_and_VBAC_occurs","TOLAC_supported_but_TOLAC_fails",3275,920,1058,807,0.245728984663172,0.161813240147544,0,0.343668970011268,"NH_Asian"
"2024_posthoc_comparative_evaluation","race_neutral_counselling_logistic",0.67,2.03030303030303,0.715016501650165,"support_or_encourage_planned_TOLAC","TOLAC_supported_and_VBAC_occurs","TOLAC_supported_but_TOLAC_fails",3105,821,1228,906,0.237313731373137,0.136413641364136,0,0.331899656616942,"NH_Asian"
"2024_posthoc_comparative_evaluation","race_neutral_counselling_logistic",0.68,2.125,0.715016501650165,"support_or_encourage_planned_TOLAC","TOLAC_supported_and_VBAC_occurs","TOLAC_supported_but_TOLAC_fails",2941,734,1392,993,0.227929042904291,0.109426567656766,0,0.318774521117009,"NH_Asian"
"2024_posthoc_comparative_evaluation","race_neutral_counselling_logistic",0.69,2.2258064516129,0.715016501650165,"support_or_encourage_planned_TOLAC","TOLAC_supported_and_VBAC_occurs","TOLAC_supported_but_TOLAC_fails",2747,636,1586,1091,0.219700841051847,0.0806983924198873,0,0.307266812087282,"NH_Asian"
"2024_posthoc_comparative_evaluation","race_neutral_counselling_logistic",0.7,2.33333333333333,0.715016501650165,"support_or_encourage_planned_TOLAC","TOLAC_supported_and_VBAC_occurs","TOLAC_supported_but_TOLAC_fails",2554,539,1779,1188,0.213916391639164,0.0500550055005502,0,0.299176859758443,"NH_Asian"
"2024_posthoc_comparative_evaluation","race_neutral_counselling_logistic",0.71,2.44827586206897,0.715016501650165,"support_or_encourage_planned_TOLAC","TOLAC_supported_and_VBAC_occurs","TOLAC_supported_but_TOLAC_fails",2359,462,1974,1265,0.202623193353818,0.0172982815522932,0,0.283382541362598,"NH_Asian"
"2024_posthoc_comparative_evaluation","race_neutral_counselling_logistic",0.72,2.57142857142857,0.715016501650165,"support_or_encourage_planned_TOLAC","TOLAC_supported_and_VBAC_occurs","TOLAC_supported_but_TOLAC_fails",2174,397,2159,1330,0.19028760018859,-0.0177982083922678,0,0.266130361676173,"NH_Asian"
"2024_posthoc_comparative_evaluation","race_neutral_counselling_logistic",0.73,2.7037037037037,0.715016501650165,"support_or_encourage_planned_TOLAC","TOLAC_supported_and_VBAC_occurs","TOLAC_supported_but_TOLAC_fails",1991,332,2342,1395,0.180424153526464,-0.0554944383327221,0,0.252335649750836,"NH_Asian"
"2024_posthoc_comparative_evaluation","race_neutral_counselling_logistic",0.74,2.84615384615385,0.715016501650165,"support_or_encourage_planned_TOLAC","TOLAC_supported_and_VBAC_occurs","TOLAC_supported_but_TOLAC_fails",1820,279,2513,1448,0.169294237116019,-0.096090378268596,0,0.236769692343198,"NH_Asian"
"2024_posthoc_comparative_evaluation","race_neutral_counselling_logistic",0.75,3,0.715016501650165,"support_or_encourage_planned_TOLAC","TOLAC_supported_and_VBAC_occurs","TOLAC_supported_but_TOLAC_fails",1661,237,2672,1490,0.156765676567657,-0.13993399339934,0,0.219247634433418,"NH_Asian"
"2024_posthoc_comparative_evaluation","race_neutral_counselling_logistic",0.76,3.16666666666667,0.715016501650165,"support_or_encourage_planned_TOLAC","TOLAC_supported_and_VBAC_occurs","TOLAC_supported_but_TOLAC_fails",1513,197,2820,1530,0.146727172717272,-0.187431243124312,0,0.205208092930225,"NH_Asian"
"2024_posthoc_comparative_evaluation","race_neutral_counselling_logistic",0.77,3.34782608695652,0.715016501650165,"support_or_encourage_planned_TOLAC","TOLAC_supported_and_VBAC_occurs","TOLAC_supported_but_TOLAC_fails",1384,167,2949,1560,0.136124264600373,-0.239058688477543,0,0.190379193048295,"NH_Asian"
"2024_posthoc_comparative_evaluation","race_neutral_counselling_logistic",0.78,3.54545454545455,0.715016501650165,"support_or_encourage_planned_TOLAC","TOLAC_supported_and_VBAC_occurs","TOLAC_supported_but_TOLAC_fails",1258,138,3075,1589,0.126852685268527,-0.295379537953796,0,0.177412248494639,"NH_Asian"
"2024_posthoc_comparative_evaluation","race_neutral_counselling_logistic",0.79,3.76190476190476,0.715016501650165,"support_or_encourage_planned_TOLAC","TOLAC_supported_and_VBAC_occurs","TOLAC_supported_but_TOLAC_fails",1126,114,3207,1613,0.115040075436115,-0.357064277856357,0,0.160891497148132,"NH_Asian"
"2024_posthoc_comparative_evaluation","race_neutral_counselling_logistic",0.8,4,0.715016501650165,"support_or_encourage_planned_TOLAC","TOLAC_supported_and_VBAC_occurs","TOLAC_supported_but_TOLAC_fails",1020,93,3313,1634,0.106930693069307,-0.424917491749175,0,0.149549965381952,"NH_Asian"
"2024_posthoc_comparative_evaluation","race_neutral_counselling_logistic",0.81,4.26315789473684,0.715016501650165,"support_or_encourage_planned_TOLAC","TOLAC_supported_and_VBAC_occurs","TOLAC_supported_but_TOLAC_fails",928,80,3405,1647,0.0968560013896126,-0.499913149209658,0,0.135459812698143,"NH_Asian"
"2024_posthoc_comparative_evaluation","race_neutral_counselling_logistic",0.82,4.55555555555556,0.715016501650165,"support_or_encourage_planned_TOLAC","TOLAC_supported_and_VBAC_occurs","TOLAC_supported_but_TOLAC_fails",842,66,3491,1661,0.0893289328932893,-0.583241657499084,0,0.124932687129779,"NH_Asian"
"2024_posthoc_comparative_evaluation","race_neutral_counselling_logistic",0.83,4.88235294117647,0.715016501650165,"support_or_encourage_planned_TOLAC","TOLAC_supported_and_VBAC_occurs","TOLAC_supported_but_TOLAC_fails",741,53,3592,1674,0.0795767812075325,-0.676373519704912,0,0.111293628921682,"NH_Asian"
"2024_posthoc_comparative_evaluation","race_neutral_counselling_logistic",0.84,5.25,0.715016501650165,"support_or_encourage_planned_TOLAC","TOLAC_supported_and_VBAC_occurs","TOLAC_supported_but_TOLAC_fails",649,42,3684,1685,0.0707095709570957,-0.78114686468647,0,0.0988922224786522,"NH_Asian"
"2024_posthoc_comparative_evaluation","race_neutral_counselling_logistic",0.85,5.66666666666667,0.715016501650165,"support_or_encourage_planned_TOLAC","TOLAC_supported_and_VBAC_occurs","TOLAC_supported_but_TOLAC_fails",567,37,3766,1690,0.0589658965896589,-0.899889988998901,0,0.0824678821447803,"NH_Asian"
"2024_posthoc_comparative_evaluation","race_neutral_counselling_logistic",0.86,6.14285714285715,0.715016501650165,"support_or_encourage_planned_TOLAC","TOLAC_supported_and_VBAC_occurs","TOLAC_supported_but_TOLAC_fails",497,31,3836,1696,0.0505893446487506,-1.03559641678454,0,0.0707526952622729,"NH_Asian"
"2024_posthoc_comparative_evaluation","race_neutral_counselling_logistic",0.87,6.6923076923077,0.715016501650165,"support_or_encourage_planned_TOLAC","TOLAC_supported_and_VBAC_occurs","TOLAC_supported_but_TOLAC_fails",427,28,3906,1699,0.0395404925107895,-1.19218075653719,0,0.0553001118429228,"NH_Asian"
"2024_posthoc_comparative_evaluation","race_neutral_counselling_logistic",0.88,7.33333333333334,0.715016501650165,"support_or_encourage_planned_TOLAC","TOLAC_supported_and_VBAC_occurs","TOLAC_supported_but_TOLAC_fails",374,22,3959,1705,0.0350935093509351,-1.37486248624863,0,0.0490806985152704,"NH_Asian"
"2024_posthoc_comparative_evaluation","race_neutral_counselling_logistic",0.89,8.0909090909091,0.715016501650165,"support_or_encourage_planned_TOLAC","TOLAC_supported_and_VBAC_occurs","TOLAC_supported_but_TOLAC_fails",306,18,4027,1709,0.0264626462646264,-1.59075907590759,0,0.0370098399177559,"NH_Asian"
"2024_posthoc_comparative_evaluation","race_neutral_counselling_logistic",0.9,9,0.715016501650165,"support_or_encourage_planned_TOLAC","TOLAC_supported_and_VBAC_occurs","TOLAC_supported_but_TOLAC_fails",260,15,4073,1712,0.0206270627062706,-1.84983498349835,0,0.0288483729517655,"NH_Asian"
"2024_posthoc_comparative_evaluation","race_inclusive_counselling_logistic",0.2,0.25,0.715016501650165,"support_or_encourage_planned_TOLAC","TOLAC_supported_and_VBAC_occurs","TOLAC_supported_but_TOLAC_fails",4333,1726,0,1,0.643811881188119,0.643770627062706,0,0.900415416570505,"NH_Asian"
"2024_posthoc_comparative_evaluation","race_inclusive_counselling_logistic",0.21,0.265822784810127,0.715016501650165,"support_or_encourage_planned_TOLAC","TOLAC_supported_and_VBAC_occurs","TOLAC_supported_but_TOLAC_fails",4333,1726,0,1,0.639305259639888,0.63926139449388,0,0.894112594834461,"NH_Asian"
"2024_posthoc_comparative_evaluation","race_inclusive_counselling_logistic",0.22,0.282051282051282,0.715016501650165,"support_or_encourage_planned_TOLAC","TOLAC_supported_and_VBAC_occurs","TOLAC_supported_but_TOLAC_fails",4333,1726,0,1,0.634683083692985,0.634636540577135,0,0.887648162284673,"NH_Asian"
"2024_posthoc_comparative_evaluation","race_inclusive_counselling_logistic",0.23,0.298701298701299,0.715016501650165,"support_or_encourage_planned_TOLAC","TOLAC_supported_and_VBAC_occurs","TOLAC_supported_but_TOLAC_fails",4333,1726,0,1,0.62994085122798,0.62989156058463,0,0.881015822395929,"NH_Asian"
"2024_posthoc_comparative_evaluation","race_inclusive_counselling_logistic",0.24,0.315789473684211,0.715016501650165,"support_or_encourage_planned_TOLAC","TOLAC_supported_and_VBAC_occurs","TOLAC_supported_but_TOLAC_fails",4333,1726,0,1,0.625073823171791,0.625021712697586,0,0.874208947246954,"NH_Asian"
"2024_posthoc_comparative_evaluation","race_inclusive_counselling_logistic",0.25,0.333333333333333,0.715016501650165,"support_or_encourage_planned_TOLAC","TOLAC_supported_and_VBAC_occurs","TOLAC_supported_but_TOLAC_fails",4333,1726,0,1,0.62007700770077,0.62002200220022,0,0.867220555427341,"NH_Asian"
"2024_posthoc_comparative_evaluation","race_inclusive_counselling_logistic",0.26,0.351351351351351,0.715016501650165,"support_or_encourage_planned_TOLAC","TOLAC_supported_and_VBAC_occurs","TOLAC_supported_but_TOLAC_fails",4333,1726,0,1,0.614945143162965,0.614887164392115,0,0.860043288153143,"NH_Asian"
"2024_posthoc_comparative_evaluation","race_inclusive_counselling_logistic",0.27,0.36986301369863,0.715016501650165,"support_or_encourage_planned_TOLAC","TOLAC_supported_and_VBAC_occurs","TOLAC_supported_but_TOLAC_fails",4333,1726,0,1,0.609672679596727,0.609611646096117,0,0.852669383419378,"NH_Asian"
"2024_posthoc_comparative_evaluation","race_inclusive_counselling_logistic",0.28,0.388888888888889,0.715016501650165,"support_or_encourage_planned_TOLAC","TOLAC_supported_and_VBAC_occurs","TOLAC_supported_but_TOLAC_fails",4333,1726,0,1,0.604253758709204,0.604189585625229,0,0.845090647998564,"NH_Asian"
"2024_posthoc_comparative_evaluation","race_inclusive_counselling_logistic",0.29,0.408450704225352,0.715016501650165,"support_or_encourage_planned_TOLAC","TOLAC_supported_and_VBAC_occurs","TOLAC_supported_but_TOLAC_fails",4333,1726,0,1,0.598682192162878,0.59861479105657,0,0.837298427072938,"NH_Asian"
"2024_posthoc_comparative_evaluation","race_inclusive_counselling_logistic",0.3,0.428571428571429,0.715016501650165,"support_or_encourage_planned_TOLAC","TOLAC_supported_and_VBAC_occurs","TOLAC_supported_but_TOLAC_fails",4333,1726,0,1,0.592951438000943,0.592880716643093,0,0.829283571263724,"NH_Asian"
"2024_posthoc_comparative_evaluation","race_inclusive_counselling_logistic",0.31,0.449275362318841,0.715016501650165,"support_or_encourage_planned_TOLAC","TOLAC_supported_and_VBAC_occurs","TOLAC_supported_but_TOLAC_fails",4333,1724,0,3,0.587202850719855,0.586980437174152,0,0.821243774604735,"NH_Asian"
"2024_posthoc_comparative_evaluation","race_inclusive_counselling_logistic",0.32,0.470588235294118,0.715016501650165,"support_or_encourage_planned_TOLAC","TOLAC_supported_and_VBAC_occurs","TOLAC_supported_but_TOLAC_fails",4332,1723,1,4,0.581052222869346,0.580906620073772,0,0.812641696420087,"NH_Asian"
"2024_posthoc_comparative_evaluation","race_inclusive_counselling_logistic",0.33,0.492537313432836,0.715016501650165,"support_or_encourage_planned_TOLAC","TOLAC_supported_and_VBAC_occurs","TOLAC_supported_but_TOLAC_fails",4332,1723,1,4,0.574811585636176,0.574651495000246,0,0.803913733892274,"NH_Asian"
"2024_posthoc_comparative_evaluation","race_inclusive_counselling_logistic",0.34,0.515151515151515,0.715016501650165,"support_or_encourage_planned_TOLAC","TOLAC_supported_and_VBAC_occurs","TOLAC_supported_but_TOLAC_fails",4331,1723,2,4,0.568216821682168,0.568206820682068,0,0.794690500667883,"NH_Asian"
"2024_posthoc_comparative_evaluation","race_inclusive_counselling_logistic",0.35,0.538461538461538,0.715016501650165,"support_or_encourage_planned_TOLAC","TOLAC_supported_and_VBAC_occurs","TOLAC_supported_but_TOLAC_fails",4331,1722,2,5,0.561678090886012,0.561563848692562,0,0.785545633687799,"NH_Asian"
"2024_posthoc_comparative_evaluation","race_inclusive_counselling_logistic",0.36,0.5625,0.715016501650165,"support_or_encourage_planned_TOLAC","TOLAC_supported_and_VBAC_occurs","TOLAC_supported_but_TOLAC_fails",4326,1720,7,7,0.554207920792079,0.554713283828383,0,0.775098084468036,"NH_Asian"
"2024_posthoc_comparative_evaluation","race_inclusive_counselling_logistic",0.37,0.587301587301587,0.715016501650165,"support_or_encourage_planned_TOLAC","TOLAC_supported_and_VBAC_occurs","TOLAC_supported_but_TOLAC_fails",4325,1720,8,7,0.547003509874797,0.547645240714548,0,0.76502221782628,"NH_Asian"
"2024_posthoc_comparative_evaluation","race_inclusive_counselling_logistic",0.38,0.612903225806452,0.715016501650165,"support_or_encourage_planned_TOLAC","TOLAC_supported_and_VBAC_occurs","TOLAC_supported_but_TOLAC_fails",4325,1719,8,8,0.539838177366124,0.540349196209944,0,0.75500100504009,"NH_Asian"
"2024_posthoc_comparative_evaluation","race_inclusive_counselling_logistic",0.39,0.639344262295082,0.715016501650165,"support_or_encourage_planned_TOLAC","TOLAC_supported_and_VBAC_occurs","TOLAC_supported_but_TOLAC_fails",4325,1719,8,8,0.532337823946329,0.532813937131418,0,0.744511242352816,"NH_Asian"
"2024_posthoc_comparative_evaluation","race_inclusive_counselling_logistic",0.4,0.666666666666667,0.715016501650165,"support_or_encourage_planned_TOLAC","TOLAC_supported_and_VBAC_occurs","TOLAC_supported_but_TOLAC_fails",4323,1714,10,13,0.524807480748075,0.525027502750275,0,0.733979536887453,"NH_Asian"
"2024_posthoc_comparative_evaluation","race_inclusive_counselling_logistic",0.41,0.694915254237288,0.715016501650165,"support_or_encourage_planned_TOLAC","TOLAC_supported_and_VBAC_occurs","TOLAC_supported_but_TOLAC_fails",4321,1713,12,14,0.516602338199922,0.516977121440958,0,0.722504077888651,"NH_Asian"
"2024_posthoc_comparative_evaluation","race_inclusive_counselling_logistic",0.42,0.724137931034483,0.715016501650165,"support_or_encourage_planned_TOLAC","TOLAC_supported_and_VBAC_occurs","TOLAC_supported_but_TOLAC_fails",4321,1708,12,19,0.508939342210083,0.508649140776147,0,0.711786848325203,"NH_Asian"
"2024_posthoc_comparative_evaluation","race_inclusive_counselling_logistic",0.43,0.754385964912281,0.715016501650165,"support_or_encourage_planned_TOLAC","TOLAC_supported_and_VBAC_occurs","TOLAC_supported_but_TOLAC_fails",4319,1700,14,27,0.501079844826588,0.500028950263447,0,0.700794797980411,"NH_Asian"
"2024_posthoc_comparative_evaluation","race_inclusive_counselling_logistic",0.44,0.785714285714286,0.715016501650165,"support_or_encourage_planned_TOLAC","TOLAC_supported_and_VBAC_occurs","TOLAC_supported_but_TOLAC_fails",4317,1696,16,31,0.492479962281942,0.491100895803866,0,0.68876726781181,"NH_Asian"
"2024_posthoc_comparative_evaluation","race_inclusive_counselling_logistic",0.45,0.818181818181818,0.715016501650165,"support_or_encourage_planned_TOLAC","TOLAC_supported_and_VBAC_occurs","TOLAC_supported_but_TOLAC_fails",4313,1689,20,38,0.483678367836784,0.481848184818482,0,0.676457629607872,"NH_Asian"
"2024_posthoc_comparative_evaluation","race_inclusive_counselling_logistic",0.46,0.851851851851852,0.715016501650165,"support_or_encourage_planned_TOLAC","TOLAC_supported_and_VBAC_occurs","TOLAC_supported_but_TOLAC_fails",4308,1681,25,46,0.474593570468158,0.472252780833639,0,0.663751912540281,"NH_Asian"
"2024_posthoc_comparative_evaluation","race_inclusive_counselling_logistic",0.47,0.886792452830189,0.715016501650165,"support_or_encourage_planned_TOLAC","TOLAC_supported_and_VBAC_occurs","TOLAC_supported_but_TOLAC_fails",4301,1674,32,53,0.464770533657139,0.462295286132387,0,0.650013716584875,"NH_Asian"
"2024_posthoc_comparative_evaluation","race_inclusive_counselling_logistic",0.48,0.923076923076923,0.715016501650165,"support_or_encourage_planned_TOLAC","TOLAC_supported_and_VBAC_occurs","TOLAC_supported_but_TOLAC_fails",4295,1662,38,65,0.455585173902006,0.451954810865702,0,0.63716735606881,"NH_Asian"
"2024_posthoc_comparative_evaluation","race_inclusive_counselling_logistic",0.49,0.96078431372549,0.715016501650165,"support_or_encourage_planned_TOLAC","TOLAC_supported_and_VBAC_occurs","TOLAC_supported_but_TOLAC_fails",4289,1648,44,79,0.446473176729438,0.441208826765029,0,0.624423598195336,"NH_Asian"
"2024_posthoc_comparative_evaluation","race_inclusive_counselling_logistic",0.5,1,0.715016501650165,"support_or_encourage_planned_TOLAC","TOLAC_supported_and_VBAC_occurs","TOLAC_supported_but_TOLAC_fails",4275,1640,58,87,0.434818481848185,0.43003300330033,0,0.608123701823217,"NH_Asian"
"2024_posthoc_comparative_evaluation","race_inclusive_counselling_logistic",0.51,1.04081632653061,0.715016501650165,"support_or_encourage_planned_TOLAC","TOLAC_supported_and_VBAC_occurs","TOLAC_supported_but_TOLAC_fails",4262,1620,71,107,0.425062302148582,0.418401023775847,0,0.594479010159337,"NH_Asian"
"2024_posthoc_comparative_evaluation","race_inclusive_counselling_logistic",0.52,1.08333333333333,0.715016501650165,"support_or_encourage_planned_TOLAC","TOLAC_supported_and_VBAC_occurs","TOLAC_supported_but_TOLAC_fails",4250,1606,83,121,0.414218921892189,0.406284378437844,0,0.579313793368721,"NH_Asian"
"2024_posthoc_comparative_evaluation","race_inclusive_counselling_logistic",0.53,1.12765957446809,0.715016501650165,"support_or_encourage_planned_TOLAC","TOLAC_supported_and_VBAC_occurs","TOLAC_supported_but_TOLAC_fails",4226,1588,107,139,0.40186082438031,0.393652131170564,0,0.562030139797988,"NH_Asian"
"2024_posthoc_comparative_evaluation","race_inclusive_counselling_logistic",0.54,1.17391304347826,0.715016501650165,"support_or_encourage_planned_TOLAC","TOLAC_supported_and_VBAC_occurs","TOLAC_supported_but_TOLAC_fails",4205,1568,128,159,0.390149232314536,0.380470655761228,0,0.545650668780542,"NH_Asian"
"2024_posthoc_comparative_evaluation","race_inclusive_counselling_logistic",0.55,1.22222222222222,0.715016501650165,"support_or_encourage_planned_TOLAC","TOLAC_supported_and_VBAC_occurs","TOLAC_supported_but_TOLAC_fails",4178,1532,155,195,0.38045471213788,0.366703337000367,0,0.532092212221453,"NH_Asian"
"2024_posthoc_comparative_evaluation","race_inclusive_counselling_logistic",0.56,1.27272727272727,0.715016501650165,"support_or_encourage_planned_TOLAC","TOLAC_supported_and_VBAC_occurs","TOLAC_supported_but_TOLAC_fails",4154,1503,179,224,0.36981698169817,0.352310231023102,0,0.517214610914126,"NH_Asian"
"2024_posthoc_comparative_evaluation","race_inclusive_counselling_logistic",0.57,1.32558139534884,0.715016501650165,"support_or_encourage_planned_TOLAC","TOLAC_supported_and_VBAC_occurs","TOLAC_supported_but_TOLAC_fails",4097,1469,236,258,0.354739427431115,0.337247678256198,0,0.496127609100521,"NH_Asian"
"2024_posthoc_comparative_evaluation","race_inclusive_counselling_logistic",0.58,1.38095238095238,0.715016501650165,"support_or_encourage_planned_TOLAC","TOLAC_supported_and_VBAC_occurs","TOLAC_supported_but_TOLAC_fails",4049,1432,284,295,0.341827754203992,0.321467861071821,0,0.478069741628477,"NH_Asian"
"2024_posthoc_comparative_evaluation","race_inclusive_counselling_logistic",0.59,1.4390243902439,0.715016501650165,"support_or_encourage_planned_TOLAC","TOLAC_supported_and_VBAC_occurs","TOLAC_supported_but_TOLAC_fails",4006,1384,327,343,0.332407631007003,0.304918296707719,0,0.464895048211964,"NH_Asian"
"2024_posthoc_comparative_evaluation","race_inclusive_counselling_logistic",0.6,1.5,0.715016501650165,"support_or_encourage_planned_TOLAC","TOLAC_supported_and_VBAC_occurs","TOLAC_supported_but_TOLAC_fails",3930,1322,403,405,0.321287128712871,0.287541254125412,0,0.4493422570967,"NH_Asian"
"2024_posthoc_comparative_evaluation","race_inclusive_counselling_logistic",0.61,1.56410256410256,0.715016501650165,"support_or_encourage_planned_TOLAC","TOLAC_supported_and_VBAC_occurs","TOLAC_supported_but_TOLAC_fails",3849,1270,484,457,0.307358043496657,0.269273081154269,0,0.429861468633682,"NH_Asian"
"2024_posthoc_comparative_evaluation","race_inclusive_counselling_logistic",0.62,1.63157894736842,0.715016501650165,"support_or_encourage_planned_TOLAC","TOLAC_supported_and_VBAC_occurs","TOLAC_supported_but_TOLAC_fails",3745,1216,588,511,0.290594059405941,0.250043425395171,0,0.406415878144473,"NH_Asian"
"2024_posthoc_comparative_evaluation","race_inclusive_counselling_logistic",0.63,1.7027027027027,0.715016501650165,"support_or_encourage_planned_TOLAC","TOLAC_supported_and_VBAC_occurs","TOLAC_supported_but_TOLAC_fails",3629,1142,704,585,0.277972526982428,0.22977432878423,0,0.388763792641014,"NH_Asian"
"2024_posthoc_comparative_evaluation","race_inclusive_counselling_logistic",0.64,1.77777777777778,0.715016501650165,"support_or_encourage_planned_TOLAC","TOLAC_supported_and_VBAC_occurs","TOLAC_supported_but_TOLAC_fails",3495,1048,838,679,0.269288595526219,0.208379171250458,0,0.376618714260071,"NH_Asian"
"2024_posthoc_comparative_evaluation","race_inclusive_counselling_logistic",0.65,1.85714285714286,0.715016501650165,"support_or_encourage_planned_TOLAC","TOLAC_supported_and_VBAC_occurs","TOLAC_supported_but_TOLAC_fails",3376,972,957,755,0.259217350306459,0.185761433286186,0,0.362533381688701,"NH_Asian"
"2024_posthoc_comparative_evaluation","race_inclusive_counselling_logistic",0.66,1.94117647058824,0.715016501650165,"support_or_encourage_planned_TOLAC","TOLAC_supported_and_VBAC_occurs","TOLAC_supported_but_TOLAC_fails",3203,868,1130,859,0.250504756357989,0.161813240147544,0,0.350348216831159,"NH_Asian"
"2024_posthoc_comparative_evaluation","race_inclusive_counselling_logistic",0.67,2.03030303030303,0.715016501650165,"support_or_encourage_planned_TOLAC","TOLAC_supported_and_VBAC_occurs","TOLAC_supported_but_TOLAC_fails",3037,778,1296,949,0.24049904990499,0.136413641364136,0,0.336354544755191,"NH_Asian"
"2024_posthoc_comparative_evaluation","race_inclusive_counselling_logistic",0.68,2.125,0.715016501650165,"support_or_encourage_planned_TOLAC","TOLAC_supported_and_VBAC_occurs","TOLAC_supported_but_TOLAC_fails",2865,699,1468,1028,0.227660891089109,0.109426567656766,0,0.318399492268636,"NH_Asian"
"2024_posthoc_comparative_evaluation","race_inclusive_counselling_logistic",0.69,2.2258064516129,0.715016501650165,"support_or_encourage_planned_TOLAC","TOLAC_supported_and_VBAC_occurs","TOLAC_supported_but_TOLAC_fails",2692,596,1641,1131,0.225316725220909,0.0806983924198873,0,0.315121014271569,"NH_Asian"
"2024_posthoc_comparative_evaluation","race_inclusive_counselling_logistic",0.7,2.33333333333333,0.715016501650165,"support_or_encourage_planned_TOLAC","TOLAC_supported_and_VBAC_occurs","TOLAC_supported_but_TOLAC_fails",2491,504,1842,1223,0.216996699669967,0.0500550055005502,0,0.303484883452573,"NH_Asian"
"2024_posthoc_comparative_evaluation","race_inclusive_counselling_logistic",0.71,2.44827586206897,0.715016501650165,"support_or_encourage_planned_TOLAC","TOLAC_supported_and_VBAC_occurs","TOLAC_supported_but_TOLAC_fails",2293,444,2040,1283,0.199004210765904,0.0172982815522932,0,0.278321144066785,"NH_Asian"
"2024_posthoc_comparative_evaluation","race_inclusive_counselling_logistic",0.72,2.57142857142857,0.715016501650165,"support_or_encourage_planned_TOLAC","TOLAC_supported_and_VBAC_occurs","TOLAC_supported_but_TOLAC_fails",2119,368,2214,1359,0.193517208863744,-0.0177982083922678,0,0.270647192641192,"NH_Asian"
"2024_posthoc_comparative_evaluation","race_inclusive_counselling_logistic",0.73,2.7037037037037,0.715016501650165,"support_or_encourage_planned_TOLAC","TOLAC_supported_and_VBAC_occurs","TOLAC_supported_but_TOLAC_fails",1934,311,2399,1416,0.180387483192764,-0.0554944383327221,0,0.252284363754477,"NH_Asian"
"2024_posthoc_comparative_evaluation","race_inclusive_counselling_logistic",0.74,2.84615384615385,0.715016501650165,"support_or_encourage_planned_TOLAC","TOLAC_supported_and_VBAC_occurs","TOLAC_supported_but_TOLAC_fails",1779,267,2554,1460,0.168164508758568,-0.096090378268596,0,0.235189689147686,"NH_Asian"
"2024_posthoc_comparative_evaluation","race_inclusive_counselling_logistic",0.75,3,0.715016501650165,"support_or_encourage_planned_TOLAC","TOLAC_supported_and_VBAC_occurs","TOLAC_supported_but_TOLAC_fails",1637,226,2696,1501,0.158250825082508,-0.13993399339934,0,0.221324717285945,"NH_Asian"
"2024_posthoc_comparative_evaluation","race_inclusive_counselling_logistic",0.76,3.16666666666667,0.715016501650165,"support_or_encourage_planned_TOLAC","TOLAC_supported_and_VBAC_occurs","TOLAC_supported_but_TOLAC_fails",1493,197,2840,1530,0.143426842684268,-0.187431243124312,0,0.200592353257943,"NH_Asian"
"2024_posthoc_comparative_evaluation","race_inclusive_counselling_logistic",0.77,3.34782608695652,0.715016501650165,"support_or_encourage_planned_TOLAC","TOLAC_supported_and_VBAC_occurs","TOLAC_supported_but_TOLAC_fails",1364,161,2969,1566,0.136138613861386,-0.239058688477543,0,0.190399261481652,"NH_Asian"
"2024_posthoc_comparative_evaluation","race_inclusive_counselling_logistic",0.78,3.54545454545455,0.715016501650165,"support_or_encourage_planned_TOLAC","TOLAC_supported_and_VBAC_occurs","TOLAC_supported_but_TOLAC_fails",1245,137,3088,1590,0.125292529252925,-0.295379537953796,0,0.175230262467742,"NH_Asian"
"2024_posthoc_comparative_evaluation","race_inclusive_counselling_logistic",0.79,3.76190476190476,0.715016501650165,"support_or_encourage_planned_TOLAC","TOLAC_supported_and_VBAC_occurs","TOLAC_supported_but_TOLAC_fails",1122,112,3211,1615,0.115621562156216,-0.357064277856357,0,0.161704746518963,"NH_Asian"
"2024_posthoc_comparative_evaluation","race_inclusive_counselling_logistic",0.8,4,0.715016501650165,"support_or_encourage_planned_TOLAC","TOLAC_supported_and_VBAC_occurs","TOLAC_supported_but_TOLAC_fails",1021,88,3312,1639,0.11039603960396,-0.424917491749175,0,0.154396492037849,"NH_Asian"
"2024_posthoc_comparative_evaluation","race_inclusive_counselling_logistic",0.81,4.26315789473684,0.715016501650165,"support_or_encourage_planned_TOLAC","TOLAC_supported_and_VBAC_occurs","TOLAC_supported_but_TOLAC_fails",923,81,3410,1646,0.0953274274795901,-0.499913149209658,0,0.133321996428875,"NH_Asian"
"2024_posthoc_comparative_evaluation","race_inclusive_counselling_logistic",0.82,4.55555555555556,0.715016501650165,"support_or_encourage_planned_TOLAC","TOLAC_supported_and_VBAC_occurs","TOLAC_supported_but_TOLAC_fails",837,67,3496,1660,0.0877521085441877,-0.583241657499084,0,0.122727389286355,"NH_Asian"
"2024_posthoc_comparative_evaluation","race_inclusive_counselling_logistic",0.83,4.88235294117647,0.715016501650165,"support_or_encourage_planned_TOLAC","TOLAC_supported_and_VBAC_occurs","TOLAC_supported_but_TOLAC_fails",741,54,3592,1673,0.0787711124053582,-0.676373519704912,0,0.110166845413448,"NH_Asian"
"2024_posthoc_comparative_evaluation","race_inclusive_counselling_logistic",0.84,5.25,0.715016501650165,"support_or_encourage_planned_TOLAC","TOLAC_supported_and_VBAC_occurs","TOLAC_supported_but_TOLAC_fails",650,43,3683,1684,0.0700082508250825,-0.78114686468647,0,0.0979113777982921,"NH_Asian"
"2024_posthoc_comparative_evaluation","race_inclusive_counselling_logistic",0.85,5.66666666666667,0.715016501650165,"support_or_encourage_planned_TOLAC","TOLAC_supported_and_VBAC_occurs","TOLAC_supported_but_TOLAC_fails",571,38,3762,1689,0.0586908690869087,-0.899889988998901,0,0.0820832371720901,"NH_Asian"
"2024_posthoc_comparative_evaluation","race_inclusive_counselling_logistic",0.86,6.14285714285715,0.715016501650165,"support_or_encourage_planned_TOLAC","TOLAC_supported_and_VBAC_occurs","TOLAC_supported_but_TOLAC_fails",502,31,3831,1696,0.0514144271570014,-1.03559641678454,0,0.0719066301803435,"NH_Asian"
"2024_posthoc_comparative_evaluation","race_inclusive_counselling_logistic",0.87,6.6923076923077,0.715016501650165,"support_or_encourage_planned_TOLAC","TOLAC_supported_and_VBAC_occurs","TOLAC_supported_but_TOLAC_fails",439,28,3894,1699,0.0415206905305915,-1.19218075653719,0,0.0580695556462923,"NH_Asian"
"2024_posthoc_comparative_evaluation","race_inclusive_counselling_logistic",0.88,7.33333333333334,0.715016501650165,"support_or_encourage_planned_TOLAC","TOLAC_supported_and_VBAC_occurs","TOLAC_supported_but_TOLAC_fails",375,23,3958,1704,0.034048404840484,-1.37486248624863,0,0.0476190476190476,"NH_Asian"
"2024_posthoc_comparative_evaluation","race_inclusive_counselling_logistic",0.89,8.0909090909091,0.715016501650165,"support_or_encourage_planned_TOLAC","TOLAC_supported_and_VBAC_occurs","TOLAC_supported_but_TOLAC_fails",314,18,4019,1709,0.0277827782778278,-1.59075907590759,0,0.0388561357866689,"NH_Asian"
"2024_posthoc_comparative_evaluation","race_inclusive_counselling_logistic",0.9,9,0.715016501650165,"support_or_encourage_planned_TOLAC","TOLAC_supported_and_VBAC_occurs","TOLAC_supported_but_TOLAC_fails",270,16,4063,1711,0.0207920792079208,-1.84983498349835,0,0.0290791599353796,"NH_Asian"
"2024_posthoc_comparative_evaluation","race_neutral_counselling_logistic",0.2,0.25,0.682692307692308,"support_or_encourage_planned_TOLAC","TOLAC_supported_and_VBAC_occurs","TOLAC_supported_but_TOLAC_fails",9940,4617,0,3,0.603416895604396,0.603365384615385,0,0.883878269617706,"NH_Black"
"2024_posthoc_comparative_evaluation","race_neutral_counselling_logistic",0.21,0.265822784810127,0.682692307692308,"support_or_encourage_planned_TOLAC","TOLAC_supported_and_VBAC_occurs","TOLAC_supported_but_TOLAC_fails",9940,4617,0,3,0.598399464459591,0.598344693281402,0,0.876528793011232,"NH_Black"
"2024_posthoc_comparative_evaluation","race_neutral_counselling_logistic",0.22,0.282051282051282,0.682692307692308,"support_or_encourage_planned_TOLAC","TOLAC_supported_and_VBAC_occurs","TOLAC_supported_but_TOLAC_fails",9940,4616,0,4,0.593272752888138,0.593195266272189,0,0.869019243667131,"NH_Black"
"2024_posthoc_comparative_evaluation","race_neutral_counselling_logistic",0.23,0.298701298701299,0.682692307692308,"support_or_encourage_planned_TOLAC","TOLAC_supported_and_VBAC_occurs","TOLAC_supported_but_TOLAC_fails",9939,4616,1,4,0.587925467389753,0.587912087912088,0,0.861186600120202,"NH_Black"
"2024_posthoc_comparative_evaluation","race_neutral_counselling_logistic",0.24,0.315789473684211,0.682692307692308,"support_or_encourage_planned_TOLAC","TOLAC_supported_and_VBAC_occurs","TOLAC_supported_but_TOLAC_fails",9939,4614,1,6,0.582551330248699,0.58248987854251,0,0.853314624589643,"NH_Black"
"2024_posthoc_comparative_evaluation","race_neutral_counselling_logistic",0.25,0.333333333333333,0.682692307692308,"support_or_encourage_planned_TOLAC","TOLAC_supported_and_VBAC_occurs","TOLAC_supported_but_TOLAC_fails",9939,4611,1,9,0.57706043956044,0.576923076923077,0,0.845271629778672,"NH_Black"
"2024_posthoc_comparative_evaluation","race_neutral_counselling_logistic",0.26,0.351351351351351,0.682692307692308,"support_or_encourage_planned_TOLAC","TOLAC_supported_and_VBAC_occurs","TOLAC_supported_but_TOLAC_fails",9939,4607,1,13,0.571450846450846,0.571205821205821,0,0.837054760998423,"NH_Black"
"2024_posthoc_comparative_evaluation","race_neutral_counselling_logistic",0.27,0.36986301369863,0.682692307692308,"support_or_encourage_planned_TOLAC","TOLAC_supported_and_VBAC_occurs","TOLAC_supported_but_TOLAC_fails",9939,4605,1,15,0.56564428721963,0.565331928345627,0,0.828549378462556,"NH_Black"
"2024_posthoc_comparative_evaluation","race_neutral_counselling_logistic",0.28,0.388888888888889,0.682692307692308,"support_or_encourage_planned_TOLAC","TOLAC_supported_and_VBAC_occurs","TOLAC_supported_but_TOLAC_fails",9937,4603,3,17,0.559542887667888,0.559294871794872,0,0.819612117147328,"NH_Black"
"2024_posthoc_comparative_evaluation","race_neutral_counselling_logistic",0.29,0.408450704225352,0.682692307692308,"support_or_encourage_planned_TOLAC","TOLAC_supported_and_VBAC_occurs","TOLAC_supported_but_TOLAC_fails",9936,4599,4,21,0.553402143631017,0.553087757313109,0,0.810617224473602,"NH_Black"
"2024_posthoc_comparative_evaluation","race_neutral_counselling_logistic",0.3,0.428571428571429,0.682692307692308,"support_or_encourage_planned_TOLAC","TOLAC_supported_and_VBAC_occurs","TOLAC_supported_but_TOLAC_fails",9934,4591,6,29,0.547144819466248,0.546703296703297,0,0.80145156654211,"NH_Black"
"2024_posthoc_comparative_evaluation","race_neutral_counselling_logistic",0.31,0.449275362318841,0.682692307692308,"support_or_encourage_planned_TOLAC","TOLAC_supported_and_VBAC_occurs","TOLAC_supported_but_TOLAC_fails",9933,4584,7,36,0.540763855709508,0.540133779264214,0,0.79210480272942,"NH_Black"
"2024_posthoc_comparative_evaluation","race_neutral_counselling_logistic",0.32,0.470588235294118,0.682692307692308,"support_or_encourage_planned_TOLAC","TOLAC_supported_and_VBAC_occurs","TOLAC_supported_but_TOLAC_fails",9932,4578,8,42,0.53417905623788,0.533371040723982,0,0.782459462658303,"NH_Black"
"2024_posthoc_comparative_evaluation","race_neutral_counselling_logistic",0.33,0.492537313432836,0.682692307692308,"support_or_encourage_planned_TOLAC","TOLAC_supported_and_VBAC_occurs","TOLAC_supported_but_TOLAC_fails",9929,4568,11,52,0.527409996719698,0.526406429391504,0,0.772544220547164,"NH_Black"
"2024_posthoc_comparative_evaluation","race_neutral_counselling_logistic",0.34,0.515151515151515,0.682692307692308,"support_or_encourage_planned_TOLAC","TOLAC_supported_and_VBAC_occurs","TOLAC_supported_but_TOLAC_fails",9926,4561,14,59,0.520356726606727,0.519230769230769,0,0.762212669959149,"NH_Black"
"2024_posthoc_comparative_evaluation","race_neutral_counselling_logistic",0.35,0.538461538461538,0.682692307692308,"support_or_encourage_planned_TOLAC","TOLAC_supported_and_VBAC_occurs","TOLAC_supported_but_TOLAC_fails",9921,4554,19,66,0.512970202874049,0.511834319526627,0,0.751392973223959,"NH_Black"
"2024_posthoc_comparative_evaluation","race_neutral_counselling_logistic",0.36,0.5625,0.682692307692308,"support_or_encourage_planned_TOLAC","TOLAC_supported_and_VBAC_occurs","TOLAC_supported_but_TOLAC_fails",9920,4539,20,81,0.505962396978022,0.504206730769231,0,0.741128018108652,"NH_Black"
"2024_posthoc_comparative_evaluation","race_neutral_counselling_logistic",0.37,0.587301587301587,0.682692307692308,"support_or_encourage_planned_TOLAC","TOLAC_supported_and_VBAC_occurs","TOLAC_supported_but_TOLAC_fails",9915,4533,25,87,0.49812925170068,0.496336996336996,0,0.729654115167194,"NH_Black"
"2024_posthoc_comparative_evaluation","race_neutral_counselling_logistic",0.38,0.612903225806452,0.682692307692308,"support_or_encourage_planned_TOLAC","TOLAC_supported_and_VBAC_occurs","TOLAC_supported_but_TOLAC_fails",9905,4526,35,94,0.489766483516484,0.488213399503722,0,0.717404426559356,"NH_Black"
"2024_posthoc_comparative_evaluation","race_neutral_counselling_logistic",0.39,0.639344262295082,0.682692307692308,"support_or_encourage_planned_TOLAC","TOLAC_supported_and_VBAC_occurs","TOLAC_supported_but_TOLAC_fails",9896,4515,44,105,0.481412132949018,0.479823455233291,0,0.70516706798166,"NH_Black"
"2024_posthoc_comparative_evaluation","race_neutral_counselling_logistic",0.4,0.666666666666667,0.682692307692308,"support_or_encourage_planned_TOLAC","TOLAC_supported_and_VBAC_occurs","TOLAC_supported_but_TOLAC_fails",9890,4498,50,122,0.473305860805861,0.471153846153846,0,0.693293091884641,"NH_Black"
"2024_posthoc_comparative_evaluation","race_neutral_counselling_logistic",0.41,0.694915254237288,0.682692307692308,"support_or_encourage_planned_TOLAC","TOLAC_supported_and_VBAC_occurs","TOLAC_supported_but_TOLAC_fails",9879,4479,61,141,0.464730396721922,0.462190352020861,0,0.680731848719435,"NH_Black"
"2024_posthoc_comparative_evaluation","race_neutral_counselling_logistic",0.42,0.724137931034483,0.682692307692308,"support_or_encourage_planned_TOLAC","TOLAC_supported_and_VBAC_occurs","TOLAC_supported_but_TOLAC_fails",9868,4464,72,156,0.455731337627889,0.452917771883289,0,0.667550128356345,"NH_Black"
"2024_posthoc_comparative_evaluation","race_neutral_counselling_logistic",0.43,0.754385964912281,0.682692307692308,"support_or_encourage_planned_TOLAC","TOLAC_supported_and_VBAC_occurs","TOLAC_supported_but_TOLAC_fails",9856,4453,84,167,0.44620324850588,0.44331983805668,0,0.653593490769176,"NH_Black"
"2024_posthoc_comparative_evaluation","race_neutral_counselling_logistic",0.44,0.785714285714286,0.682692307692308,"support_or_encourage_planned_TOLAC","TOLAC_supported_and_VBAC_occurs","TOLAC_supported_but_TOLAC_fails",9841,4434,99,186,0.436616954474097,0.433379120879121,0,0.639551595286002,"NH_Black"
"2024_posthoc_comparative_evaluation","race_neutral_counselling_logistic",0.45,0.818181818181818,0.682692307692308,"support_or_encourage_planned_TOLAC","TOLAC_supported_and_VBAC_occurs","TOLAC_supported_but_TOLAC_fails",9829,4404,111,216,0.427591158841159,0.423076923076923,0,0.626330711541979,"NH_Black"
"2024_posthoc_comparative_evaluation","race_neutral_counselling_logistic",0.46,0.851851851851852,0.682692307692308,"support_or_encourage_planned_TOLAC","TOLAC_supported_and_VBAC_occurs","TOLAC_supported_but_TOLAC_fails",9805,4385,135,235,0.416870166870167,0.412393162393162,0,0.61062672330278,"NH_Black"
"2024_posthoc_comparative_evaluation","race_neutral_counselling_logistic",0.47,0.886792452830189,0.682692307692308,"support_or_encourage_planned_TOLAC","TOLAC_supported_and_VBAC_occurs","TOLAC_supported_but_TOLAC_fails",9781,4360,159,260,0.406221490773377,0.401306240928882,0,0.595028662541285,"NH_Black"
"2024_posthoc_comparative_evaluation","race_neutral_counselling_logistic",0.48,0.923076923076923,0.682692307692308,"support_or_encourage_planned_TOLAC","TOLAC_supported_and_VBAC_occurs","TOLAC_supported_but_TOLAC_fails",9760,4322,180,298,0.396322907861369,0.389792899408284,0,0.580529329825104,"NH_Black"
"2024_posthoc_comparative_evaluation","race_neutral_counselling_logistic",0.49,0.96078431372549,0.682692307692308,"support_or_encourage_planned_TOLAC","TOLAC_supported_and_VBAC_occurs","TOLAC_supported_but_TOLAC_fails",9737,4287,203,333,0.385859728506787,0.377828054298643,0,0.565202982601491,"NH_Black"
"2024_posthoc_comparative_evaluation","race_neutral_counselling_logistic",0.5,1,0.682692307692308,"support_or_encourage_planned_TOLAC","TOLAC_supported_and_VBAC_occurs","TOLAC_supported_but_TOLAC_fails",9701,4246,239,374,0.374656593406593,0.365384615384615,0,0.548792756539235,"NH_Black"
"2024_posthoc_comparative_evaluation","race_neutral_counselling_logistic",0.51,1.04081632653061,0.682692307692308,"support_or_encourage_planned_TOLAC","TOLAC_supported_and_VBAC_occurs","TOLAC_supported_but_TOLAC_fails",9670,4193,270,427,0.364413265306122,0.35243328100471,0,0.533788444955447,"NH_Black"
"2024_posthoc_comparative_evaluation","race_neutral_counselling_logistic",0.52,1.08333333333333,0.682692307692308,"support_or_encourage_planned_TOLAC","TOLAC_supported_and_VBAC_occurs","TOLAC_supported_but_TOLAC_fails",9636,4145,304,475,0.353405448717949,0.338942307692308,0,0.517664319248826,"NH_Black"
"2024_posthoc_comparative_evaluation","race_neutral_counselling_logistic",0.53,1.12765957446809,0.682692307692308,"support_or_encourage_planned_TOLAC","TOLAC_supported_and_VBAC_occurs","TOLAC_supported_but_TOLAC_fails",9574,4096,366,524,0.340323240589198,0.324877250409165,0,0.498501648186994,"NH_Black"
"2024_posthoc_comparative_evaluation","race_neutral_counselling_logistic",0.54,1.17391304347826,0.682692307692308,"support_or_encourage_planned_TOLAC","TOLAC_supported_and_VBAC_occurs","TOLAC_supported_but_TOLAC_fails",9515,4042,425,578,0.327612876254181,0.310200668896321,0,0.479883649724433,"NH_Black"
"2024_posthoc_comparative_evaluation","race_neutral_counselling_logistic",0.55,1.22222222222222,0.682692307692308,"support_or_encourage_planned_TOLAC","TOLAC_supported_and_VBAC_occurs","TOLAC_supported_but_TOLAC_fails",9452,3974,488,646,0.315583028083028,0.294871794871795,0,0.462262463670914,"NH_Black"
"2024_posthoc_comparative_evaluation","race_neutral_counselling_logistic",0.56,1.27272727272727,0.682692307692308,"support_or_encourage_planned_TOLAC","TOLAC_supported_and_VBAC_occurs","TOLAC_supported_but_TOLAC_fails",9396,3904,544,716,0.304070929070929,0.278846153846154,0,0.445399670751783,"NH_Black"
"2024_posthoc_comparative_evaluation","race_neutral_counselling_logistic",0.57,1.32558139534884,0.682692307692308,"support_or_encourage_planned_TOLAC","TOLAC_supported_and_VBAC_occurs","TOLAC_supported_but_TOLAC_fails",9337,3830,603,790,0.292584014822387,0.262075134168157,0,0.428573768190539,"NH_Black"
"2024_posthoc_comparative_evaluation","race_neutral_counselling_logistic",0.58,1.38095238095238,0.682692307692308,"support_or_encourage_planned_TOLAC","TOLAC_supported_and_VBAC_occurs","TOLAC_supported_but_TOLAC_fails",9252,3737,688,883,0.281001439037153,0.244505494505494,0,0.411607741688224,"NH_Black"
"2024_posthoc_comparative_evaluation","race_neutral_counselling_logistic",0.59,1.4390243902439,0.682692307692308,"support_or_encourage_planned_TOLAC","TOLAC_supported_and_VBAC_occurs","TOLAC_supported_but_TOLAC_fails",9160,3639,780,981,0.26946361565264,0.226078799249531,0,0.394707267998233,"NH_Black"
"2024_posthoc_comparative_evaluation","race_neutral_counselling_logistic",0.6,1.5,0.682692307692308,"support_or_encourage_planned_TOLAC","TOLAC_supported_and_VBAC_occurs","TOLAC_supported_but_TOLAC_fails",9036,3534,904,1086,0.256524725274725,0.206730769230769,0,0.375754527162978,"NH_Black"
"2024_posthoc_comparative_evaluation","race_neutral_counselling_logistic",0.61,1.56410256410256,0.682692307692308,"support_or_encourage_planned_TOLAC","TOLAC_supported_and_VBAC_occurs","TOLAC_supported_but_TOLAC_fails",8932,3411,1008,1209,0.247036136939983,0.186390532544379,0,0.361855749883919,"NH_Black"
"2024_posthoc_comparative_evaluation","race_neutral_counselling_logistic",0.62,1.63157894736842,0.682692307692308,"support_or_encourage_planned_TOLAC","TOLAC_supported_and_VBAC_occurs","TOLAC_supported_but_TOLAC_fails",8807,3286,1133,1334,0.236650520532099,0.16497975708502,0,0.346643015990681,"NH_Black"
"2024_posthoc_comparative_evaluation","race_neutral_counselling_logistic",0.63,1.7027027027027,0.682692307692308,"support_or_encourage_planned_TOLAC","TOLAC_supported_and_VBAC_occurs","TOLAC_supported_but_TOLAC_fails",8653,3159,1287,1461,0.224873774873775,0.142411642411643,0,0.329392571646093,"NH_Black"
"2024_posthoc_comparative_evaluation","race_neutral_counselling_logistic",0.64,1.77777777777778,0.682692307692308,"support_or_encourage_planned_TOLAC","TOLAC_supported_and_VBAC_occurs","TOLAC_supported_but_TOLAC_fails",8501,3028,1439,1592,0.21414072039072,0.118589743589744,0,0.31367091437514,"NH_Black"
"2024_posthoc_comparative_evaluation","race_neutral_counselling_logistic",0.65,1.85714285714286,0.682692307692308,"support_or_encourage_planned_TOLAC","TOLAC_supported_and_VBAC_occurs","TOLAC_supported_but_TOLAC_fails",8316,2870,1624,1750,0.205082417582418,0.0934065934065934,0,0.300402414486921,"NH_Black"
"2024_posthoc_comparative_evaluation","race_neutral_counselling_logistic",0.66,1.94117647058824,0.682692307692308,"support_or_encourage_planned_TOLAC","TOLAC_supported_and_VBAC_occurs","TOLAC_supported_but_TOLAC_fails",8142,2729,1798,1891,0.195366031027796,0.0667420814479638,0,0.286169960942123,"NH_Black"
"2024_posthoc_comparative_evaluation","race_neutral_counselling_logistic",0.67,2.03030303030303,0.682692307692308,"support_or_encourage_planned_TOLAC","TOLAC_supported_and_VBAC_occurs","TOLAC_supported_but_TOLAC_fails",7936,2592,2004,2028,0.183616383616383,0.0384615384615384,0,0.26895920980428,"NH_Black"
"2024_posthoc_comparative_evaluation","race_neutral_counselling_logistic",0.68,2.125,0.682692307692308,"support_or_encourage_planned_TOLAC","TOLAC_supported_and_VBAC_occurs","TOLAC_supported_but_TOLAC_fails",7711,2441,2229,2179,0.173343063186813,0.00841346153846179,0,0.253910965794769,"NH_Black"
"2024_posthoc_comparative_evaluation","race_neutral_counselling_logistic",0.69,2.2258064516129,0.682692307692308,"support_or_encourage_planned_TOLAC","TOLAC_supported_and_VBAC_occurs","TOLAC_supported_but_TOLAC_fails",7497,2288,2443,2332,0.16513426090039,-0.0235732009925556,0,0.241886804699163,"NH_Black"
"2024_posthoc_comparative_evaluation","race_neutral_counselling_logistic",0.7,2.33333333333333,0.682692307692308,"support_or_encourage_planned_TOLAC","TOLAC_supported_and_VBAC_occurs","TOLAC_supported_but_TOLAC_fails",7271,2137,2669,2483,0.156913919413919,-0.0576923076923075,0,0.229845741113347,"NH_Black"
"2024_posthoc_comparative_evaluation","race_neutral_counselling_logistic",0.71,2.44827586206897,0.682692307692308,"support_or_encourage_planned_TOLAC","TOLAC_supported_and_VBAC_occurs","TOLAC_supported_but_TOLAC_fails",7053,1971,2887,2649,0.152984084880637,-0.0941644562334216,0,0.22408936376882,"NH_Black"
"2024_posthoc_comparative_evaluation","race_neutral_counselling_logistic",0.72,2.57142857142857,0.682692307692308,"support_or_encourage_planned_TOLAC","TOLAC_supported_and_VBAC_occurs","TOLAC_supported_but_TOLAC_fails",6852,1807,3088,2813,0.151471742543171,-0.133241758241758,0,0.221874101753377,"NH_Black"
"2024_posthoc_comparative_evaluation","race_neutral_counselling_logistic",0.73,2.7037037037037,0.682692307692308,"support_or_encourage_planned_TOLAC","TOLAC_supported_and_VBAC_occurs","TOLAC_supported_but_TOLAC_fails",6604,1672,3336,2948,0.143091168091168,-0.175213675213675,0,0.209598330725091,"NH_Black"
"2024_posthoc_comparative_evaluation","race_neutral_counselling_logistic",0.74,2.84615384615385,0.682692307692308,"support_or_encourage_planned_TOLAC","TOLAC_supported_and_VBAC_occurs","TOLAC_supported_but_TOLAC_fails",6302,1537,3638,3083,0.132380600169062,-0.220414201183432,0,0.193909611515245,"NH_Black"
"2024_posthoc_comparative_evaluation","race_neutral_counselling_logistic",0.75,3,0.682692307692308,"support_or_encourage_planned_TOLAC","TOLAC_supported_and_VBAC_occurs","TOLAC_supported_but_TOLAC_fails",6023,1397,3917,3223,0.125824175824176,-0.269230769230769,0,0.18430583501006,"NH_Black"
"2024_posthoc_comparative_evaluation","race_neutral_counselling_logistic",0.76,3.16666666666667,0.682692307692308,"support_or_encourage_planned_TOLAC","TOLAC_supported_and_VBAC_occurs","TOLAC_supported_but_TOLAC_fails",5744,1278,4196,3342,0.116552197802198,-0.322115384615385,0,0.170724346076459,"NH_Black"
"2024_posthoc_comparative_evaluation","race_neutral_counselling_logistic",0.77,3.34782608695652,0.682692307692308,"support_or_encourage_planned_TOLAC","TOLAC_supported_and_VBAC_occurs","TOLAC_supported_but_TOLAC_fails",5450,1146,4490,3474,0.110809842331581,-0.379598662207358,0,0.162313008485697,"NH_Black"
"2024_posthoc_comparative_evaluation","race_neutral_counselling_logistic",0.78,3.54545454545455,0.682692307692308,"support_or_encourage_planned_TOLAC","TOLAC_supported_and_VBAC_occurs","TOLAC_supported_but_TOLAC_fails",5193,1031,4747,3589,0.105606893106893,-0.442307692307692,0,0.154691787086153,"NH_Black"
"2024_posthoc_comparative_evaluation","race_neutral_counselling_logistic",0.79,3.76190476190476,0.682692307692308,"support_or_encourage_planned_TOLAC","TOLAC_supported_and_VBAC_occurs","TOLAC_supported_but_TOLAC_fails",4888,941,5052,3679,0.0925856881214023,-0.510989010989011,0,0.135618472741209,"NH_Black"
"2024_posthoc_comparative_evaluation","race_neutral_counselling_logistic",0.8,4,0.682692307692308,"support_or_encourage_planned_TOLAC","TOLAC_supported_and_VBAC_occurs","TOLAC_supported_but_TOLAC_fails",4608,866,5332,3754,0.0785714285714285,-0.586538461538462,0,0.115090543259557,"NH_Black"
"2024_posthoc_comparative_evaluation","race_neutral_counselling_logistic",0.81,4.26315789473684,0.682692307692308,"support_or_encourage_planned_TOLAC","TOLAC_supported_and_VBAC_occurs","TOLAC_supported_but_TOLAC_fails",4304,765,5636,3855,0.071612926547137,-0.67004048582996,0,0.104897807900032,"NH_Black"
"2024_posthoc_comparative_evaluation","race_neutral_counselling_logistic",0.82,4.55555555555556,0.682692307692308,"support_or_encourage_planned_TOLAC","TOLAC_supported_and_VBAC_occurs","TOLAC_supported_but_TOLAC_fails",4038,689,5902,3931,0.061759768009768,-0.762820512820513,0,0.0904650122959981,"NH_Black"
"2024_posthoc_comparative_evaluation","race_neutral_counselling_logistic",0.83,4.88235294117647,0.682692307692308,"support_or_encourage_planned_TOLAC","TOLAC_supported_and_VBAC_occurs","TOLAC_supported_but_TOLAC_fails",3797,617,6143,4003,0.0538865546218487,-0.866515837104073,0,0.0789324180376375,"NH_Black"
"2024_posthoc_comparative_evaluation","race_neutral_counselling_logistic",0.84,5.25,0.682692307692308,"support_or_encourage_planned_TOLAC","TOLAC_supported_and_VBAC_occurs","TOLAC_supported_but_TOLAC_fails",3538,561,6402,4059,0.0407108516483515,-0.983173076923078,0,0.0596327967806839,"NH_Black"
"2024_posthoc_comparative_evaluation","race_neutral_counselling_logistic",0.85,5.66666666666667,0.682692307692308,"support_or_encourage_planned_TOLAC","TOLAC_supported_and_VBAC_occurs","TOLAC_supported_but_TOLAC_fails",3272,507,6668,4113,0.027403846153846,-1.11538461538462,0,0.0401408450704223,"NH_Black"
"2024_posthoc_comparative_evaluation","race_neutral_counselling_logistic",0.86,6.14285714285715,0.682692307692308,"support_or_encourage_planned_TOLAC","TOLAC_supported_and_VBAC_occurs","TOLAC_supported_but_TOLAC_fails",3007,459,6933,4161,0.0128728414442699,-1.26648351648352,0,0.0188559931014657,"NH_Black"
"2024_posthoc_comparative_evaluation","race_neutral_counselling_logistic",0.87,6.6923076923077,0.682692307692308,"support_or_encourage_planned_TOLAC","TOLAC_supported_and_VBAC_occurs","TOLAC_supported_but_TOLAC_fails",2745,418,7195,4202,-0.00359784446322925,-1.44082840236687,0,-0.00527008203064566,"NH_Black"
"2024_posthoc_comparative_evaluation","race_neutral_counselling_logistic",0.88,7.33333333333334,0.682692307692308,"support_or_encourage_planned_TOLAC","TOLAC_supported_and_VBAC_occurs","TOLAC_supported_but_TOLAC_fails",2496,382,7444,4238,-0.0209706959706962,-1.64423076923077,0,-0.0307176391683437,"NH_Black"
"2024_posthoc_comparative_evaluation","race_neutral_counselling_logistic",0.89,8.0909090909091,0.682692307692308,"support_or_encourage_planned_TOLAC","TOLAC_supported_and_VBAC_occurs","TOLAC_supported_but_TOLAC_fails",2264,338,7676,4282,-0.0323301698301701,-1.88461538461539,0,-0.0473568684836294,"NH_Black"
"2024_posthoc_comparative_evaluation","race_neutral_counselling_logistic",0.9,9,0.682692307692308,"support_or_encourage_planned_TOLAC","TOLAC_supported_and_VBAC_occurs","TOLAC_supported_but_TOLAC_fails",2020,303,7920,4317,-0.0485576923076923,-2.17307692307692,0,-0.0711267605633803,"NH_Black"
"2024_posthoc_comparative_evaluation","race_inclusive_counselling_logistic",0.2,0.25,0.682692307692308,"support_or_encourage_planned_TOLAC","TOLAC_supported_and_VBAC_occurs","TOLAC_supported_but_TOLAC_fails",9939,4609,1,11,0.603485576923077,0.603365384615385,0,0.883978873239437,"NH_Black"
"2024_posthoc_comparative_evaluation","race_inclusive_counselling_logistic",0.21,0.265822784810127,0.682692307692308,"support_or_encourage_planned_TOLAC","TOLAC_supported_and_VBAC_occurs","TOLAC_supported_but_TOLAC_fails",9938,4604,2,16,0.59849944359438,0.598344693281402,0,0.876675241321346,"NH_Black"
"2024_posthoc_comparative_evaluation","race_inclusive_counselling_logistic",0.22,0.282051282051282,0.682692307692308,"support_or_encourage_planned_TOLAC","TOLAC_supported_and_VBAC_occurs","TOLAC_supported_but_TOLAC_fails",9936,4601,4,19,0.593288602423218,0.593195266272189,0,0.86904245988753,"NH_Black"
"2024_posthoc_comparative_evaluation","race_inclusive_counselling_logistic",0.23,0.298701298701299,0.682692307692308,"support_or_encourage_planned_TOLAC","TOLAC_supported_and_VBAC_occurs","TOLAC_supported_but_TOLAC_fails",9935,4591,5,29,0.588163622092194,0.587912087912088,0,0.861535446444903,"NH_Black"
"2024_posthoc_comparative_evaluation","race_inclusive_counselling_logistic",0.24,0.315789473684211,0.682692307692308,"support_or_encourage_planned_TOLAC","TOLAC_supported_and_VBAC_occurs","TOLAC_supported_but_TOLAC_fails",9935,4582,5,38,0.582970647773279,0.58248987854251,0,0.853928836174944,"NH_Black"
"2024_posthoc_comparative_evaluation","race_inclusive_counselling_logistic",0.25,0.333333333333333,0.682692307692308,"support_or_encourage_planned_TOLAC","TOLAC_supported_and_VBAC_occurs","TOLAC_supported_but_TOLAC_fails",9933,4574,7,46,0.577495421245421,0.576923076923077,0,0.845908786049631,"NH_Black"
"2024_posthoc_comparative_evaluation","race_inclusive_counselling_logistic",0.26,0.351351351351351,0.682692307692308,"support_or_encourage_planned_TOLAC","TOLAC_supported_and_VBAC_occurs","TOLAC_supported_but_TOLAC_fails",9932,4565,8,55,0.571983590733591,0.571205821205821,0,0.837835118821034,"NH_Black"
"2024_posthoc_comparative_evaluation","race_inclusive_counselling_logistic",0.27,0.36986301369863,0.682692307692308,"support_or_encourage_planned_TOLAC","TOLAC_supported_and_VBAC_occurs","TOLAC_supported_but_TOLAC_fails",9927,4553,13,67,0.566141050730092,0.565331928345627,0,0.829277032055346,"NH_Black"
"2024_posthoc_comparative_evaluation","race_inclusive_counselling_logistic",0.28,0.388888888888889,0.682692307692308,"support_or_encourage_planned_TOLAC","TOLAC_supported_and_VBAC_occurs","TOLAC_supported_but_TOLAC_fails",9923,4546,17,74,0.560103785103785,0.559294871794872,0,0.82043371339146,"NH_Black"
"2024_posthoc_comparative_evaluation","race_inclusive_counselling_logistic",0.29,0.408450704225352,0.682692307692308,"support_or_encourage_planned_TOLAC","TOLAC_supported_and_VBAC_occurs","TOLAC_supported_but_TOLAC_fails",9913,4533,27,87,0.553673966878192,0.553087757313109,0,0.811015388103268,"NH_Black"
"2024_posthoc_comparative_evaluation","race_inclusive_counselling_logistic",0.3,0.428571428571429,0.682692307692308,"support_or_encourage_planned_TOLAC","TOLAC_supported_and_VBAC_occurs","TOLAC_supported_but_TOLAC_fails",9907,4519,33,101,0.547409733124019,0.546703296703297,0,0.80183960908307,"NH_Black"
"2024_posthoc_comparative_evaluation","race_inclusive_counselling_logistic",0.31,0.449275362318841,0.682692307692308,"support_or_encourage_planned_TOLAC","TOLAC_supported_and_VBAC_occurs","TOLAC_supported_but_TOLAC_fails",9897,4506,43,114,0.540698160535117,0.540133779264214,0,0.7920085731782,"NH_Black"
"2024_posthoc_comparative_evaluation","race_inclusive_counselling_logistic",0.32,0.470588235294118,0.682692307692308,"support_or_encourage_planned_TOLAC","TOLAC_supported_and_VBAC_occurs","TOLAC_supported_but_TOLAC_fails",9887,4490,53,130,0.533932611506141,0.533371040723982,0,0.782098473192094,"NH_Black"
"2024_posthoc_comparative_evaluation","race_inclusive_counselling_logistic",0.33,0.492537313432836,0.682692307692308,"support_or_encourage_planned_TOLAC","TOLAC_supported_and_VBAC_occurs","TOLAC_supported_but_TOLAC_fails",9873,4470,67,150,0.526878997867804,0.526406429391504,0,0.771766419411994,"NH_Black"
"2024_posthoc_comparative_evaluation","race_inclusive_counselling_logistic",0.34,0.515151515151515,0.682692307692308,"support_or_encourage_planned_TOLAC","TOLAC_supported_and_VBAC_occurs","TOLAC_supported_but_TOLAC_fails",9860,4454,80,166,0.519609557109557,0.519230769230769,0,0.761118224498506,"NH_Black"
"2024_posthoc_comparative_evaluation","race_inclusive_counselling_logistic",0.35,0.538461538461538,0.682692307692308,"support_or_encourage_planned_TOLAC","TOLAC_supported_and_VBAC_occurs","TOLAC_supported_but_TOLAC_fails",9846,4425,94,195,0.512589814032122,0.511834319526627,0,0.750835783934376,"NH_Black"
"2024_posthoc_comparative_evaluation","race_inclusive_counselling_logistic",0.36,0.5625,0.682692307692308,"support_or_encourage_planned_TOLAC","TOLAC_supported_and_VBAC_occurs","TOLAC_supported_but_TOLAC_fails",9829,4399,111,221,0.505121050824176,0.504206730769231,0,0.739895623742455,"NH_Black"
"2024_posthoc_comparative_evaluation","race_inclusive_counselling_logistic",0.37,0.587301587301587,0.682692307692308,"support_or_encourage_planned_TOLAC","TOLAC_supported_and_VBAC_occurs","TOLAC_supported_but_TOLAC_fails",9795,4365,145,255,0.496664050235479,0.496336996336996,0,0.727507904570279,"NH_Black"
"2024_posthoc_comparative_evaluation","race_inclusive_counselling_logistic",0.38,0.612903225806452,0.682692307692308,"support_or_encourage_planned_TOLAC","TOLAC_supported_and_VBAC_occurs","TOLAC_supported_but_TOLAC_fails",9771,4337,169,283,0.488519142148174,0.488213399503722,0,0.715577334977608,"NH_Black"
"2024_posthoc_comparative_evaluation","race_inclusive_counselling_logistic",0.39,0.639344262295082,0.682692307692308,"support_or_encourage_planned_TOLAC","TOLAC_supported_and_VBAC_occurs","TOLAC_supported_but_TOLAC_fails",9754,4295,186,325,0.481319807241938,0.479823455233291,0,0.70503183032622,"NH_Black"
"2024_posthoc_comparative_evaluation","race_inclusive_counselling_logistic",0.4,0.666666666666667,0.682692307692308,"support_or_encourage_planned_TOLAC","TOLAC_supported_and_VBAC_occurs","TOLAC_supported_but_TOLAC_fails",9724,4252,216,368,0.473168498168498,0.471153846153846,0,0.69309188464118,"NH_Black"
"2024_posthoc_comparative_evaluation","race_inclusive_counselling_logistic",0.41,0.694915254237288,0.682692307692308,"support_or_encourage_planned_TOLAC","TOLAC_supported_and_VBAC_occurs","TOLAC_supported_but_TOLAC_fails",9690,4204,250,416,0.464874743900168,0.462190352020861,0,0.680943286839682,"NH_Black"
"2024_posthoc_comparative_evaluation","race_inclusive_counselling_logistic",0.42,0.724137931034483,0.682692307692308,"support_or_encourage_planned_TOLAC","TOLAC_supported_and_VBAC_occurs","TOLAC_supported_but_TOLAC_fails",9636,4152,304,468,0.455314513073134,0.452917771883289,0,0.666939568445154,"NH_Black"
"2024_posthoc_comparative_evaluation","race_inclusive_counselling_logistic",0.43,0.754385964912281,0.682692307692308,"support_or_encourage_planned_TOLAC","TOLAC_supported_and_VBAC_occurs","TOLAC_supported_but_TOLAC_fails",9578,4089,362,531,0.44596949103528,0.44331983805668,0,0.653251085460129,"NH_Black"
"2024_posthoc_comparative_evaluation","race_inclusive_counselling_logistic",0.44,0.785714285714286,0.682692307692308,"support_or_encourage_planned_TOLAC","TOLAC_supported_and_VBAC_occurs","TOLAC_supported_but_TOLAC_fails",9527,4029,413,591,0.436906397174254,0.433379120879121,0,0.639975567691865,"NH_Black"
"2024_posthoc_comparative_evaluation","race_inclusive_counselling_logistic",0.45,0.818181818181818,0.682692307692308,"support_or_encourage_planned_TOLAC","TOLAC_supported_and_VBAC_occurs","TOLAC_supported_but_TOLAC_fails",9456,3960,484,660,0.426923076923077,0.423076923076923,0,0.625352112676056,"NH_Black"
"2024_posthoc_comparative_evaluation","race_inclusive_counselling_logistic",0.46,0.851851851851852,0.682692307692308,"support_or_encourage_planned_TOLAC","TOLAC_supported_and_VBAC_occurs","TOLAC_supported_but_TOLAC_fails",9395,3885,545,735,0.417963980463981,0.412393162393162,0,0.612228929130338,"NH_Black"
"2024_posthoc_comparative_evaluation","race_inclusive_counselling_logistic",0.47,0.886792452830189,0.682692307692308,"support_or_encourage_planned_TOLAC","TOLAC_supported_and_VBAC_occurs","TOLAC_supported_but_TOLAC_fails",9313,3779,627,841,0.409465063238648,0.401306240928882,0,0.599779810941118,"NH_Black"
"2024_posthoc_comparative_evaluation","race_inclusive_counselling_logistic",0.48,0.923076923076923,0.682692307692308,"support_or_encourage_planned_TOLAC","TOLAC_supported_and_VBAC_occurs","TOLAC_supported_but_TOLAC_fails",9225,3700,715,920,0.399012045646661,0.389792899408284,0,0.584468348552856,"NH_Black"
"2024_posthoc_comparative_evaluation","race_inclusive_counselling_logistic",0.49,0.96078431372549,0.682692307692308,"support_or_encourage_planned_TOLAC","TOLAC_supported_and_VBAC_occurs","TOLAC_supported_but_TOLAC_fails",9123,3602,817,1018,0.388891133376428,0.377828054298643,0,0.569643350297866,"NH_Black"
"2024_posthoc_comparative_evaluation","race_inclusive_counselling_logistic",0.5,1,0.682692307692308,"support_or_encourage_planned_TOLAC","TOLAC_supported_and_VBAC_occurs","TOLAC_supported_but_TOLAC_fails",9011,3484,929,1136,0.379601648351648,0.365384615384615,0,0.556036217303823,"NH_Black"
"2024_posthoc_comparative_evaluation","race_inclusive_counselling_logistic",0.51,1.04081632653061,0.682692307692308,"support_or_encourage_planned_TOLAC","TOLAC_supported_and_VBAC_occurs","TOLAC_supported_but_TOLAC_fails",8900,3374,1040,1246,0.370074568288854,0.35243328100471,0,0.542081057775223,"NH_Black"
"2024_posthoc_comparative_evaluation","race_inclusive_counselling_logistic",0.52,1.08333333333333,0.682692307692308,"support_or_encourage_planned_TOLAC","TOLAC_supported_and_VBAC_occurs","TOLAC_supported_but_TOLAC_fails",8777,3240,1163,1380,0.361744505494505,0.338942307692308,0,0.529879275653923,"NH_Black"
"2024_posthoc_comparative_evaluation","race_inclusive_counselling_logistic",0.53,1.12765957446809,0.682692307692308,"support_or_encourage_planned_TOLAC","TOLAC_supported_and_VBAC_occurs","TOLAC_supported_but_TOLAC_fails",8618,3122,1322,1498,0.35009936871639,0.324877250409165,0,0.512821610514149,"NH_Black"
"2024_posthoc_comparative_evaluation","race_inclusive_counselling_logistic",0.54,1.17391304347826,0.682692307692308,"support_or_encourage_planned_TOLAC","TOLAC_supported_and_VBAC_occurs","TOLAC_supported_but_TOLAC_fails",8472,2981,1468,1639,0.341522336359293,0.310200668896321,0,0.500258070160091,"NH_Black"
"2024_posthoc_comparative_evaluation","race_inclusive_counselling_logistic",0.55,1.22222222222222,0.682692307692308,"support_or_encourage_planned_TOLAC","TOLAC_supported_and_VBAC_occurs","TOLAC_supported_but_TOLAC_fails",8297,2856,1643,1764,0.330105311355311,0.294871794871795,0,0.483534540576794,"NH_Black"
"2024_posthoc_comparative_evaluation","race_inclusive_counselling_logistic",0.56,1.27272727272727,0.682692307692308,"support_or_encourage_planned_TOLAC","TOLAC_supported_and_VBAC_occurs","TOLAC_supported_but_TOLAC_fails",8131,2714,1809,1906,0.32121003996004,0.278846153846154,0,0.470504847265411,"NH_Black"
"2024_posthoc_comparative_evaluation","race_inclusive_counselling_logistic",0.57,1.32558139534884,0.682692307692308,"support_or_encourage_planned_TOLAC","TOLAC_supported_and_VBAC_occurs","TOLAC_supported_but_TOLAC_fails",7944,2585,1996,2035,0.310259072323026,0.262075134168157,0,0.454463993261897,"NH_Black"
"2024_posthoc_comparative_evaluation","race_inclusive_counselling_logistic",0.58,1.38095238095238,0.682692307692308,"support_or_encourage_planned_TOLAC","TOLAC_supported_and_VBAC_occurs","TOLAC_supported_but_TOLAC_fails",7764,2456,2176,2164,0.300300889586604,0.244505494505494,0,0.439877359394462,"NH_Black"
"2024_posthoc_comparative_evaluation","race_inclusive_counselling_logistic",0.59,1.4390243902439,0.682692307692308,"support_or_encourage_planned_TOLAC","TOLAC_supported_and_VBAC_occurs","TOLAC_supported_but_TOLAC_fails",7567,2309,2373,2311,0.291503618332887,0.226078799249531,0,0.4269912155862,"NH_Black"
"2024_posthoc_comparative_evaluation","race_inclusive_counselling_logistic",0.6,1.5,0.682692307692308,"support_or_encourage_planned_TOLAC","TOLAC_supported_and_VBAC_occurs","TOLAC_supported_but_TOLAC_fails",7349,2185,2591,2435,0.279635989010989,0.206730769230769,0,0.409607645875251,"NH_Black"
"2024_posthoc_comparative_evaluation","race_inclusive_counselling_logistic",0.61,1.56410256410256,0.682692307692308,"support_or_encourage_planned_TOLAC","TOLAC_supported_and_VBAC_occurs","TOLAC_supported_but_TOLAC_fails",7150,2026,2790,2594,0.273429134967596,0.186390532544379,0,0.400515916008874,"NH_Black"
"2024_posthoc_comparative_evaluation","race_inclusive_counselling_logistic",0.62,1.63157894736842,0.682692307692308,"support_or_encourage_planned_TOLAC","TOLAC_supported_and_VBAC_occurs","TOLAC_supported_but_TOLAC_fails",6978,1889,2962,2731,0.267578802776171,0.16497975708502,0,0.39194641533411,"NH_Black"
"2024_posthoc_comparative_evaluation","race_inclusive_counselling_logistic",0.63,1.7027027027027,0.682692307692308,"support_or_encourage_planned_TOLAC","TOLAC_supported_and_VBAC_occurs","TOLAC_supported_but_TOLAC_fails",6808,1766,3132,2854,0.261059548559549,0.142411642411643,0,0.382397085213987,"NH_Black"
"2024_posthoc_comparative_evaluation","race_inclusive_counselling_logistic",0.64,1.77777777777778,0.682692307692308,"support_or_encourage_planned_TOLAC","TOLAC_supported_and_VBAC_occurs","TOLAC_supported_but_TOLAC_fails",6566,1651,3374,2969,0.249374236874237,0.118589743589744,0,0.365280572322826,"NH_Black"
"2024_posthoc_comparative_evaluation","race_inclusive_counselling_logistic",0.65,1.85714285714286,0.682692307692308,"support_or_encourage_planned_TOLAC","TOLAC_supported_and_VBAC_occurs","TOLAC_supported_but_TOLAC_fails",6345,1541,3595,3079,0.239226844583987,0.0934065934065934,0,0.350416786432883,"NH_Black"
"2024_posthoc_comparative_evaluation","race_inclusive_counselling_logistic",0.66,1.94117647058824,0.682692307692308,"support_or_encourage_planned_TOLAC","TOLAC_supported_and_VBAC_occurs","TOLAC_supported_but_TOLAC_fails",6098,1424,3842,3196,0.228967356173239,0.0667420814479638,0,0.335388803408687,"NH_Black"
"2024_posthoc_comparative_evaluation","race_inclusive_counselling_logistic",0.67,2.03030303030303,0.682692307692308,"support_or_encourage_planned_TOLAC","TOLAC_supported_and_VBAC_occurs","TOLAC_supported_but_TOLAC_fails",5870,1316,4070,3304,0.219651182151182,0.0384615384615384,0,0.321742576672154,"NH_Black"
"2024_posthoc_comparative_evaluation","race_inclusive_counselling_logistic",0.68,2.125,0.682692307692308,"support_or_encourage_planned_TOLAC","TOLAC_supported_and_VBAC_occurs","TOLAC_supported_but_TOLAC_fails",5642,1210,4298,3410,0.210903159340659,0.00841346153846179,0,0.308928571428571,"NH_Black"
"2024_posthoc_comparative_evaluation","race_inclusive_counselling_logistic",0.69,2.2258064516129,0.682692307692308,"support_or_encourage_planned_TOLAC","TOLAC_supported_and_VBAC_occurs","TOLAC_supported_but_TOLAC_fails",5409,1115,4531,3505,0.201045728465083,-0.0235732009925556,0,0.294489517751671,"NH_Black"
"2024_posthoc_comparative_evaluation","race_inclusive_counselling_logistic",0.7,2.33333333333333,0.682692307692308,"support_or_encourage_planned_TOLAC","TOLAC_supported_and_VBAC_occurs","TOLAC_supported_but_TOLAC_fails",5188,1029,4752,3591,0.191414835164835,-0.0576923076923075,0,0.280382293762576,"NH_Black"
"2024_posthoc_comparative_evaluation","race_inclusive_counselling_logistic",0.71,2.44827586206897,0.682692307692308,"support_or_encourage_planned_TOLAC","TOLAC_supported_and_VBAC_occurs","TOLAC_supported_but_TOLAC_fails",4945,953,4995,3667,0.179381394467601,-0.0941644562334216,0,0.262755845417332,"NH_Black"
"2024_posthoc_comparative_evaluation","race_inclusive_counselling_logistic",0.72,2.57142857142857,0.682692307692308,"support_or_encourage_planned_TOLAC","TOLAC_supported_and_VBAC_occurs","TOLAC_supported_but_TOLAC_fails",4702,880,5238,3740,0.167523547880691,-0.133241758241758,0,0.245386605346364,"NH_Black"
"2024_posthoc_comparative_evaluation","race_inclusive_counselling_logistic",0.73,2.7037037037037,0.682692307692308,"support_or_encourage_planned_TOLAC","TOLAC_supported_and_VBAC_occurs","TOLAC_supported_but_TOLAC_fails",4486,817,5454,3803,0.15639245014245,-0.175213675213675,0,0.229081898800209,"NH_Black"
"2024_posthoc_comparative_evaluation","race_inclusive_counselling_logistic",0.74,2.84615384615385,0.682692307692308,"support_or_encourage_planned_TOLAC","TOLAC_supported_and_VBAC_occurs","TOLAC_supported_but_TOLAC_fails",4249,741,5691,3879,0.146978021978022,-0.220414201183432,0,0.215291750503018,"NH_Black"
"2024_posthoc_comparative_evaluation","race_inclusive_counselling_logistic",0.75,3,0.682692307692308,"support_or_encourage_planned_TOLAC","TOLAC_supported_and_VBAC_occurs","TOLAC_supported_but_TOLAC_fails",4061,687,5879,3933,0.137362637362637,-0.269230769230769,0,0.201207243460765,"NH_Black"
"2024_posthoc_comparative_evaluation","race_inclusive_counselling_logistic",0.76,3.16666666666667,0.682692307692308,"support_or_encourage_planned_TOLAC","TOLAC_supported_and_VBAC_occurs","TOLAC_supported_but_TOLAC_fails",3882,635,6058,3985,0.128514194139194,-0.322115384615385,0,0.188246143527834,"NH_Black"
"2024_posthoc_comparative_evaluation","race_inclusive_counselling_logistic",0.77,3.34782608695652,0.682692307692308,"support_or_encourage_planned_TOLAC","TOLAC_supported_and_VBAC_occurs","TOLAC_supported_but_TOLAC_fails",3664,589,6276,4031,0.116217749641663,-0.379598662207358,0,0.170234450179337,"NH_Black"
"2024_posthoc_comparative_evaluation","race_inclusive_counselling_logistic",0.78,3.54545454545455,0.682692307692308,"support_or_encourage_planned_TOLAC","TOLAC_supported_and_VBAC_occurs","TOLAC_supported_but_TOLAC_fails",3484,551,6456,4069,0.105113636363636,-0.442307692307692,0,0.153969270166453,"NH_Black"
"2024_posthoc_comparative_evaluation","race_inclusive_counselling_logistic",0.79,3.76190476190476,0.682692307692308,"support_or_encourage_planned_TOLAC","TOLAC_supported_and_VBAC_occurs","TOLAC_supported_but_TOLAC_fails",3275,510,6665,4110,0.0931613029827315,-0.510989010989011,0,0.136461626904283,"NH_Black"
"2024_posthoc_comparative_evaluation","race_inclusive_counselling_logistic",0.8,4,0.682692307692308,"support_or_encourage_planned_TOLAC","TOLAC_supported_and_VBAC_occurs","TOLAC_supported_but_TOLAC_fails",3082,465,6858,4155,0.0839285714285714,-0.586538461538462,0,0.122937625754527,"NH_Black"
"2024_posthoc_comparative_evaluation","race_inclusive_counselling_logistic",0.81,4.26315789473684,0.682692307692308,"support_or_encourage_planned_TOLAC","TOLAC_supported_and_VBAC_occurs","TOLAC_supported_but_TOLAC_fails",2879,433,7061,4187,0.0709514170040486,-0.67004048582996,0,0.103928836174944,"NH_Black"
"2024_posthoc_comparative_evaluation","race_inclusive_counselling_logistic",0.82,4.55555555555556,0.682692307692308,"support_or_encourage_planned_TOLAC","TOLAC_supported_and_VBAC_occurs","TOLAC_supported_but_TOLAC_fails",2680,410,7260,4210,0.0557844932844933,-0.762820512820513,0,0.0817124972054549,"NH_Black"
"2024_posthoc_comparative_evaluation","race_inclusive_counselling_logistic",0.83,4.88235294117647,0.682692307692308,"support_or_encourage_planned_TOLAC","TOLAC_supported_and_VBAC_occurs","TOLAC_supported_but_TOLAC_fails",2502,383,7438,4237,0.0434106334841628,-0.866515837104073,0,0.0635874067937033,"NH_Black"
"2024_posthoc_comparative_evaluation","race_inclusive_counselling_logistic",0.84,5.25,0.682692307692308,"support_or_encourage_planned_TOLAC","TOLAC_supported_and_VBAC_occurs","TOLAC_supported_but_TOLAC_fails",2325,349,7615,4271,0.0338427197802197,-0.983173076923078,0,0.0495724346076457,"NH_Black"
"2024_posthoc_comparative_evaluation","race_inclusive_counselling_logistic",0.85,5.66666666666667,0.682692307692308,"support_or_encourage_planned_TOLAC","TOLAC_supported_and_VBAC_occurs","TOLAC_supported_but_TOLAC_fails",2147,321,7793,4299,0.0225274725274724,-1.11538461538462,0,0.0329979879275653,"NH_Black"
"2024_posthoc_comparative_evaluation","race_inclusive_counselling_logistic",0.86,6.14285714285715,0.682692307692308,"support_or_encourage_planned_TOLAC","TOLAC_supported_and_VBAC_occurs","TOLAC_supported_but_TOLAC_fails",1976,301,7964,4319,0.00872252747252736,-1.26648351648352,0,0.0127766599597584,"NH_Black"
"2024_posthoc_comparative_evaluation","race_inclusive_counselling_logistic",0.87,6.6923076923077,0.682692307692308,"support_or_encourage_planned_TOLAC","TOLAC_supported_and_VBAC_occurs","TOLAC_supported_but_TOLAC_fails",1806,275,8134,4345,-0.00236158072696546,-1.44082840236687,0,-0.0034592168394987,"NH_Black"
"2024_posthoc_comparative_evaluation","race_inclusive_counselling_logistic",0.88,7.33333333333334,0.682692307692308,"support_or_encourage_planned_TOLAC","TOLAC_supported_and_VBAC_occurs","TOLAC_supported_but_TOLAC_fails",1650,246,8290,4374,-0.0105769230769232,-1.64423076923077,0,-0.0154929577464791,"NH_Black"
"2024_posthoc_comparative_evaluation","race_inclusive_counselling_logistic",0.89,8.0909090909091,0.682692307692308,"support_or_encourage_planned_TOLAC","TOLAC_supported_and_VBAC_occurs","TOLAC_supported_but_TOLAC_fails",1496,224,8444,4396,-0.0217282717282719,-1.88461538461539,0,-0.0318273276019757,"NH_Black"
"2024_posthoc_comparative_evaluation","race_inclusive_counselling_logistic",0.9,9,0.682692307692308,"support_or_encourage_planned_TOLAC","TOLAC_supported_and_VBAC_occurs","TOLAC_supported_but_TOLAC_fails",1329,204,8611,4416,-0.0348214285714286,-2.17307692307692,0,-0.0510060362173039,"NH_Black"
"2024_posthoc_comparative_evaluation","race_neutral_counselling_logistic",0.2,0.25,0.746088511399195,"support_or_encourage_planned_TOLAC","TOLAC_supported_and_VBAC_occurs","TOLAC_supported_but_TOLAC_fails",1669,568,0,0,0.682610639248994,0.682610639248994,0,0.914919113241462,"NH_Multiracial"
"2024_posthoc_comparative_evaluation","race_neutral_counselling_logistic",0.21,0.265822784810127,0.746088511399195,"support_or_encourage_planned_TOLAC","TOLAC_supported_and_VBAC_occurs","TOLAC_supported_but_TOLAC_fails",1669,568,0,0,0.678593052404045,0.678593052404045,0,0.909534246990922,"NH_Multiracial"
"2024_posthoc_comparative_evaluation","race_neutral_counselling_logistic",0.22,0.282051282051282,0.746088511399195,"support_or_encourage_planned_TOLAC","TOLAC_supported_and_VBAC_occurs","TOLAC_supported_but_TOLAC_fails",1668,568,1,0,0.674025423243126,0.674472450511789,0,0.903412146072422,"NH_Multiracial"
"2024_posthoc_comparative_evaluation","race_neutral_counselling_logistic",0.23,0.298701298701299,0.746088511399195,"support_or_encourage_planned_TOLAC","TOLAC_supported_and_VBAC_occurs","TOLAC_supported_but_TOLAC_fails",1667,568,2,0,0.669350765461628,0.670244819998955,0,0.897146592173554,"NH_Multiracial"
"2024_posthoc_comparative_evaluation","race_neutral_counselling_logistic",0.24,0.315789473684211,0.746088511399195,"support_or_encourage_planned_TOLAC","TOLAC_supported_and_VBAC_occurs","TOLAC_supported_but_TOLAC_fails",1667,568,2,0,0.665011881514246,0.665905936051573,0,0.89133108385103,"NH_Multiracial"
"2024_posthoc_comparative_evaluation","race_neutral_counselling_logistic",0.25,0.333333333333333,0.746088511399195,"support_or_encourage_planned_TOLAC","TOLAC_supported_and_VBAC_occurs","TOLAC_supported_but_TOLAC_fails",1667,568,2,0,0.660557293994934,0.66145134853226,0,0.885360495306571,"NH_Multiracial"
"2024_posthoc_comparative_evaluation","race_neutral_counselling_logistic",0.26,0.351351351351351,0.746088511399195,"support_or_encourage_planned_TOLAC","TOLAC_supported_and_VBAC_occurs","TOLAC_supported_but_TOLAC_fails",1666,568,3,0,0.655535284949679,0.656876366755669,0,0.878629378329798,"NH_Multiracial"
"2024_posthoc_comparative_evaluation","race_neutral_counselling_logistic",0.27,0.36986301369863,0.746088511399195,"support_or_encourage_planned_TOLAC","TOLAC_supported_and_VBAC_occurs","TOLAC_supported_but_TOLAC_fails",1666,567,3,1,0.651000300059399,0.652176043012596,0,0.872551031295912,"NH_Multiracial"
"2024_posthoc_comparative_evaluation","race_neutral_counselling_logistic",0.28,0.388888888888889,0.746088511399195,"support_or_encourage_planned_TOLAC","TOLAC_supported_and_VBAC_occurs","TOLAC_supported_but_TOLAC_fails",1666,567,3,1,0.646177916852928,0.647345154721105,0,0.866087477531456,"NH_Multiracial"
"2024_posthoc_comparative_evaluation","race_neutral_counselling_logistic",0.29,0.408450704225352,0.746088511399195,"support_or_encourage_planned_TOLAC","TOLAC_supported_and_VBAC_occurs","TOLAC_supported_but_TOLAC_fails",1666,567,3,1,0.641219691865992,0.642378185069289,0,0.859441851829973,"NH_Multiracial"
"2024_posthoc_comparative_evaluation","race_neutral_counselling_logistic",0.3,0.428571428571429,0.746088511399195,"support_or_encourage_planned_TOLAC","TOLAC_supported_and_VBAC_occurs","TOLAC_supported_but_TOLAC_fails",1666,566,3,2,0.636311386423143,0.63726930199885,0,0.852863134468886,"NH_Multiracial"
"2024_posthoc_comparative_evaluation","race_neutral_counselling_logistic",0.31,0.449275362318841,0.746088511399195,"support_or_encourage_planned_TOLAC","TOLAC_supported_and_VBAC_occurs","TOLAC_supported_but_TOLAC_fails",1666,566,3,2,0.631072930231353,0.632012335361153,0,0.845841908284923,"NH_Multiracial"
"2024_posthoc_comparative_evaluation","race_neutral_counselling_logistic",0.32,0.470588235294118,0.746088511399195,"support_or_encourage_planned_TOLAC","TOLAC_supported_and_VBAC_occurs","TOLAC_supported_but_TOLAC_fails",1666,566,3,2,0.625680401798627,0.62660075205764,0,0.83861417544849,"NH_Multiracial"
"2024_posthoc_comparative_evaluation","race_neutral_counselling_logistic",0.33,0.492537313432836,0.746088511399195,"support_or_encourage_planned_TOLAC","TOLAC_supported_and_VBAC_occurs","TOLAC_supported_but_TOLAC_fails",1666,565,3,3,0.620347079977849,0.621027628954023,0,0.831465798628189,"NH_Multiracial"
"2024_posthoc_comparative_evaluation","race_neutral_counselling_logistic",0.34,0.515151515151515,0.746088511399195,"support_or_encourage_planned_TOLAC","TOLAC_supported_and_VBAC_occurs","TOLAC_supported_but_TOLAC_fails",1666,565,3,3,0.614635401850422,0.615285623332114,0,0.823810301940919,"NH_Multiracial"
"2024_posthoc_comparative_evaluation","race_neutral_counselling_logistic",0.35,0.538461538461538,0.746088511399195,"support_or_encourage_planned_TOLAC","TOLAC_supported_and_VBAC_occurs","TOLAC_supported_but_TOLAC_fails",1666,565,3,3,0.608747979780613,0.609366940614147,0,0.815919251509425,"NH_Multiracial"
"2024_posthoc_comparative_evaluation","race_neutral_counselling_logistic",0.36,0.5625,0.746088511399195,"support_or_encourage_planned_TOLAC","TOLAC_supported_and_VBAC_occurs","TOLAC_supported_but_TOLAC_fails",1666,564,3,4,0.602928028609745,0.603263299061243,0,0.808118633912522,"NH_Multiracial"
"2024_posthoc_comparative_evaluation","race_neutral_counselling_logistic",0.37,0.587301587301587,0.746088511399195,"support_or_encourage_planned_TOLAC","TOLAC_supported_and_VBAC_occurs","TOLAC_supported_but_TOLAC_fails",1666,563,3,5,0.596937508426109,0.596965891109834,0,0.800089398651412,"NH_Multiracial"
"2024_posthoc_comparative_evaluation","race_neutral_counselling_logistic",0.38,0.612903225806452,0.746088511399195,"support_or_encourage_planned_TOLAC","TOLAC_supported_and_VBAC_occurs","TOLAC_supported_but_TOLAC_fails",1666,559,3,9,0.591590119255339,0.590465340966444,0,0.792922167030673,"NH_Multiracial"
"2024_posthoc_comparative_evaluation","race_neutral_counselling_logistic",0.39,0.639344262295082,0.746088511399195,"support_or_encourage_planned_TOLAC","TOLAC_supported_and_VBAC_occurs","TOLAC_supported_but_TOLAC_fails",1665,559,4,9,0.584535787830599,0.583751658031468,0,0.783467080513511,"NH_Multiracial"
"2024_posthoc_comparative_evaluation","race_neutral_counselling_logistic",0.4,0.666666666666667,0.746088511399195,"support_or_encourage_planned_TOLAC","TOLAC_supported_and_VBAC_occurs","TOLAC_supported_but_TOLAC_fails",1664,557,5,11,0.577857249292207,0.576814185665325,0,0.774515678050729,"NH_Multiracial"
"2024_posthoc_comparative_evaluation","race_neutral_counselling_logistic",0.41,0.694915254237288,0.746088511399195,"support_or_encourage_planned_TOLAC","TOLAC_supported_and_VBAC_occurs","TOLAC_supported_but_TOLAC_fails",1662,555,7,13,0.57055075274846,0.569641544744399,0,0.764722608686822,"NH_Multiracial"
"2024_posthoc_comparative_evaluation","race_neutral_counselling_logistic",0.42,0.724137931034483,0.746088511399195,"support_or_encourage_planned_TOLAC","TOLAC_supported_and_VBAC_occurs","TOLAC_supported_but_TOLAC_fails",1662,555,7,13,0.563300602716076,0.562221571377923,0,0.755005061878887,"NH_Multiracial"
"2024_posthoc_comparative_evaluation","race_neutral_counselling_logistic",0.43,0.754385964912281,0.746088511399195,"support_or_encourage_planned_TOLAC","TOLAC_supported_and_VBAC_occurs","TOLAC_supported_but_TOLAC_fails",1661,554,8,14,0.555686265283235,0.554541248068764,0,0.744799386122586,"NH_Multiracial"
"2024_posthoc_comparative_evaluation","race_neutral_counselling_logistic",0.44,0.785714285714286,0.746088511399195,"support_or_encourage_planned_TOLAC","TOLAC_supported_and_VBAC_occurs","TOLAC_supported_but_TOLAC_fails",1659,552,10,16,0.547736126189412,0.546586627498563,0,0.734143627492938,"NH_Multiracial"
"2024_posthoc_comparative_evaluation","race_neutral_counselling_logistic",0.45,0.818181818181818,0.746088511399195,"support_or_encourage_planned_TOLAC","TOLAC_supported_and_VBAC_occurs","TOLAC_supported_but_TOLAC_fails",1656,547,13,21,0.540212134758402,0.538342747998537,0,0.724059044610273,"NH_Multiracial"
"2024_posthoc_comparative_evaluation","race_neutral_counselling_logistic",0.46,0.851851851851852,0.746088511399195,"support_or_encourage_planned_TOLAC","TOLAC_supported_and_VBAC_occurs","TOLAC_supported_but_TOLAC_fails",1655,544,14,24,0.532674382026193,0.529793539628139,0,0.713956017131572,"NH_Multiracial"
"2024_posthoc_comparative_evaluation","race_neutral_counselling_logistic",0.47,0.886792452830189,0.746088511399195,"support_or_encourage_planned_TOLAC","TOLAC_supported_and_VBAC_occurs","TOLAC_supported_but_TOLAC_fails",1652,538,17,30,0.525214868295645,0.520921719621123,0,0.703957855229094,"NH_Multiracial"
"2024_posthoc_comparative_evaluation","race_neutral_counselling_logistic",0.48,0.923076923076923,0.746088511399195,"support_or_encourage_planned_TOLAC","TOLAC_supported_and_VBAC_occurs","TOLAC_supported_but_TOLAC_fails",1648,535,21,33,0.515938241463498,0.511708675767683,0,0.691524173848919,"NH_Multiracial"
"2024_posthoc_comparative_evaluation","race_neutral_counselling_logistic",0.49,0.96078431372549,0.746088511399195,"support_or_encourage_planned_TOLAC","TOLAC_supported_and_VBAC_occurs","TOLAC_supported_but_TOLAC_fails",1646,534,23,34,0.506455599673933,0.502134336076854,0,0.678814365770275,"NH_Multiracial"
"2024_posthoc_comparative_evaluation","race_neutral_counselling_logistic",0.5,1,0.746088511399195,"support_or_encourage_planned_TOLAC","TOLAC_supported_and_VBAC_occurs","TOLAC_supported_but_TOLAC_fails",1639,532,30,36,0.494859186410371,0.492177022798391,0,0.663271420011983,"NH_Multiracial"
"2024_posthoc_comparative_evaluation","race_neutral_counselling_logistic",0.51,1.04081632653061,0.746088511399195,"support_or_encourage_planned_TOLAC","TOLAC_supported_and_VBAC_occurs","TOLAC_supported_but_TOLAC_fails",1635,529,34,39,0.484760019340772,0.481813288569786,0,0.649735268583167,"NH_Multiracial"
"2024_posthoc_comparative_evaluation","race_neutral_counselling_logistic",0.52,1.08333333333333,0.746088511399195,"support_or_encourage_planned_TOLAC","TOLAC_supported_and_VBAC_occurs","TOLAC_supported_but_TOLAC_fails",1631,526,38,42,0.474370436596632,0.471017732081657,0,0.635809866187338,"NH_Multiracial"
"2024_posthoc_comparative_evaluation","race_neutral_counselling_logistic",0.53,1.12765957446809,0.746088511399195,"support_or_encourage_planned_TOLAC","TOLAC_supported_and_VBAC_occurs","TOLAC_supported_but_TOLAC_fails",1624,519,45,49,0.464347197519474,0.459762790211054,0,0.62237548283467,"NH_Multiracial"
"2024_posthoc_comparative_evaluation","race_neutral_counselling_logistic",0.54,1.17391304347826,0.746088511399195,"support_or_encourage_planned_TOLAC","TOLAC_supported_and_VBAC_occurs","TOLAC_supported_but_TOLAC_fails",1617,514,52,54,0.453110726710851,0.448018503041729,0,0.60731497642431,"NH_Multiracial"
"2024_posthoc_comparative_evaluation","race_neutral_counselling_logistic",0.55,1.22222222222222,0.746088511399195,"support_or_encourage_planned_TOLAC","TOLAC_supported_and_VBAC_occurs","TOLAC_supported_but_TOLAC_fails",1608,507,61,61,0.441811950528982,0.435752247553767,0,0.592170960655083,"NH_Multiracial"
"2024_posthoc_comparative_evaluation","race_neutral_counselling_logistic",0.56,1.27272727272727,0.746088511399195,"support_or_encourage_planned_TOLAC","TOLAC_supported_and_VBAC_occurs","TOLAC_supported_but_TOLAC_fails",1602,502,67,66,0.430527898565449,0.422928434998171,0,0.577046680102402,"NH_Multiracial"
"2024_posthoc_comparative_evaluation","race_neutral_counselling_logistic",0.57,1.32558139534884,0.746088511399195,"support_or_encourage_planned_TOLAC","TOLAC_supported_and_VBAC_occurs","TOLAC_supported_but_TOLAC_fails",1594,492,75,76,0.421016519216974,0.40950816604464,0,0.564298354396867,"NH_Multiracial"
"2024_posthoc_comparative_evaluation","race_neutral_counselling_logistic",0.58,1.38095238095238,0.746088511399195,"support_or_encourage_planned_TOLAC","TOLAC_supported_and_VBAC_occurs","TOLAC_supported_but_TOLAC_fails",1579,487,90,81,0.405219575536965,0.395448836664751,0,0.543125338811378,"NH_Multiracial"
"2024_posthoc_comparative_evaluation","race_neutral_counselling_logistic",0.59,1.4390243902439,0.746088511399195,"support_or_encourage_planned_TOLAC","TOLAC_supported_and_VBAC_occurs","TOLAC_supported_but_TOLAC_fails",1567,467,102,101,0.400078502349619,0.380703686339501,0,0.536234637361353,"NH_Multiracial"
"2024_posthoc_comparative_evaluation","race_neutral_counselling_logistic",0.6,1.5,0.746088511399195,"support_or_encourage_planned_TOLAC","TOLAC_supported_and_VBAC_occurs","TOLAC_supported_but_TOLAC_fails",1554,459,115,109,0.386902101028163,0.365221278497988,0,0.518573996405033,"NH_Multiracial"
"2024_posthoc_comparative_evaluation","race_neutral_counselling_logistic",0.61,1.56410256410256,0.746088511399195,"support_or_encourage_planned_TOLAC","TOLAC_supported_and_VBAC_occurs","TOLAC_supported_but_TOLAC_fails",1539,451,130,117,0.372637346262737,0.348944901023578,0,0.499454609700266,"NH_Multiracial"
"2024_posthoc_comparative_evaluation","race_neutral_counselling_logistic",0.62,1.63157894736842,0.746088511399195,"support_or_encourage_planned_TOLAC","TOLAC_supported_and_VBAC_occurs","TOLAC_supported_but_TOLAC_fails",1514,432,155,136,0.361715643601628,0.331811872103146,0,0.484815994449876,"NH_Multiracial"
"2024_posthoc_comparative_evaluation","race_neutral_counselling_logistic",0.63,1.7027027027027,0.746088511399195,"support_or_encourage_planned_TOLAC","TOLAC_supported_and_VBAC_occurs","TOLAC_supported_but_TOLAC_fails",1490,411,179,157,0.353236114970581,0.313752733511339,0,0.473450682557932,"NH_Multiracial"
"2024_posthoc_comparative_evaluation","race_neutral_counselling_logistic",0.64,1.77777777777778,0.746088511399195,"support_or_encourage_planned_TOLAC","TOLAC_supported_and_VBAC_occurs","TOLAC_supported_but_TOLAC_fails",1472,394,197,174,0.344906372622063,0.294690309442209,0,0.462286132747487,"NH_Multiracial"
"2024_posthoc_comparative_evaluation","race_neutral_counselling_logistic",0.65,1.85714285714286,0.746088511399195,"support_or_encourage_planned_TOLAC","TOLAC_supported_and_VBAC_occurs","TOLAC_supported_but_TOLAC_fails",1448,371,221,197,0.339293696915512,0.274538603997701,0,0.454763331336129,"NH_Multiracial"
"2024_posthoc_comparative_evaluation","race_neutral_counselling_logistic",0.66,1.94117647058824,0.746088511399195,"support_or_encourage_planned_TOLAC","TOLAC_supported_and_VBAC_occurs","TOLAC_supported_but_TOLAC_fails",1413,355,256,213,0.323595151068921,0.25320150411528,0,0.433722200683749,"NH_Multiracial"
"2024_posthoc_comparative_evaluation","race_neutral_counselling_logistic",0.67,2.03030303030303,0.746088511399195,"support_or_encourage_planned_TOLAC","TOLAC_supported_and_VBAC_occurs","TOLAC_supported_but_TOLAC_fails",1379,336,290,232,0.31149672857317,0.230571246664228,0,0.417506400130726,"NH_Multiracial"
"2024_posthoc_comparative_evaluation","race_neutral_counselling_logistic",0.68,2.125,0.746088511399195,"support_or_encourage_planned_TOLAC","TOLAC_supported_and_VBAC_occurs","TOLAC_supported_but_TOLAC_fails",1345,310,324,258,0.30677246312025,0.206526598122486,0,0.411174355901738,"NH_Multiracial"
"2024_posthoc_comparative_evaluation","race_neutral_counselling_logistic",0.69,2.2258064516129,0.746088511399195,"support_or_encourage_planned_TOLAC","TOLAC_supported_and_VBAC_occurs","TOLAC_supported_but_TOLAC_fails",1305,294,364,274,0.29084170908619,0.180930681932888,0,0.389821991147877,"NH_Multiracial"
"2024_posthoc_comparative_evaluation","race_neutral_counselling_logistic",0.7,2.33333333333333,0.746088511399195,"support_or_encourage_planned_TOLAC","TOLAC_supported_and_VBAC_occurs","TOLAC_supported_but_TOLAC_fails",1254,271,415,297,0.277901952019073,0.153628371330651,0,0.372478530057919,"NH_Multiracial"
"2024_posthoc_comparative_evaluation","race_neutral_counselling_logistic",0.71,2.44827586206897,0.746088511399195,"support_or_encourage_planned_TOLAC","TOLAC_supported_and_VBAC_occurs","TOLAC_supported_but_TOLAC_fails",1210,246,459,322,0.271669261480123,0.124443142755846,0,0.364124708167187,"NH_Multiracial"
"2024_posthoc_comparative_evaluation","race_neutral_counselling_logistic",0.72,2.57142857142857,0.746088511399195,"support_or_encourage_planned_TOLAC","TOLAC_supported_and_VBAC_occurs","TOLAC_supported_but_TOLAC_fails",1157,227,512,341,0.256274347020883,0.0931732549971263,0,0.343490541812891,"NH_Multiracial"
"2024_posthoc_comparative_evaluation","race_neutral_counselling_logistic",0.73,2.7037037037037,0.746088511399195,"support_or_encourage_planned_TOLAC","TOLAC_supported_and_VBAC_occurs","TOLAC_supported_but_TOLAC_fails",1112,206,557,362,0.248116690673687,0.0595870792562792,0,0.332556642922131,"NH_Multiracial"
"2024_posthoc_comparative_evaluation","race_neutral_counselling_logistic",0.74,2.84615384615385,0.746088511399195,"support_or_encourage_planned_TOLAC","TOLAC_supported_and_VBAC_occurs","TOLAC_supported_but_TOLAC_fails",1059,184,610,384,0.239297135586809,0.0234173515353667,0,0.320735585564825,"NH_Multiracial"
"2024_posthoc_comparative_evaluation","race_neutral_counselling_logistic",0.75,3,0.746088511399195,"support_or_encourage_planned_TOLAC","TOLAC_supported_and_VBAC_occurs","TOLAC_supported_but_TOLAC_fails",1002,162,667,406,0.230666070630308,-0.0156459544032186,0,0.309167165967645,"NH_Multiracial"
"2024_posthoc_comparative_evaluation","race_neutral_counselling_logistic",0.76,3.16666666666667,0.746088511399195,"support_or_encourage_planned_TOLAC","TOLAC_supported_and_VBAC_occurs","TOLAC_supported_but_TOLAC_fails",943,143,726,425,0.219117866189838,-0.0579645358366861,0,0.293688835630118,"NH_Multiracial"
"2024_posthoc_comparative_evaluation","race_neutral_counselling_logistic",0.77,3.34782608695652,0.746088511399195,"support_or_encourage_planned_TOLAC","TOLAC_supported_and_VBAC_occurs","TOLAC_supported_but_TOLAC_fails",890,116,779,452,0.224252201123399,-0.103962993916542,0,0.30057050563993,"NH_Multiracial"
"2024_posthoc_comparative_evaluation","race_neutral_counselling_logistic",0.78,3.54545454545455,0.746088511399195,"support_or_encourage_planned_TOLAC","TOLAC_supported_and_VBAC_occurs","TOLAC_supported_but_TOLAC_fails",841,99,828,469,0.21904336164506,-0.154143130003658,0,0.293588975434392,"NH_Multiracial"
"2024_posthoc_comparative_evaluation","race_neutral_counselling_logistic",0.79,3.76190476190476,0.746088511399195,"support_or_encourage_planned_TOLAC","TOLAC_supported_and_VBAC_occurs","TOLAC_supported_but_TOLAC_fails",793,91,876,477,0.201460289077634,-0.209102326670499,0,0.27002196924306,"NH_Multiracial"
"2024_posthoc_comparative_evaluation","race_neutral_counselling_logistic",0.8,4,0.746088511399195,"support_or_encourage_planned_TOLAC","TOLAC_supported_and_VBAC_occurs","TOLAC_supported_but_TOLAC_fails",726,82,943,486,0.177916852928029,-0.269557443004024,0,0.238466147393649,"NH_Multiracial"
"2024_posthoc_comparative_evaluation","race_neutral_counselling_logistic",0.81,4.26315789473684,0.746088511399195,"support_or_encourage_planned_TOLAC","TOLAC_supported_and_VBAC_occurs","TOLAC_supported_but_TOLAC_fails",678,76,991,492,0.158247653106839,-0.336376255793709,0,0.212103055721989,"NH_Multiracial"
"2024_posthoc_comparative_evaluation","race_neutral_counselling_logistic",0.82,4.55555555555556,0.746088511399195,"support_or_encourage_planned_TOLAC","TOLAC_supported_and_VBAC_occurs","TOLAC_supported_but_TOLAC_fails",639,59,1030,509,0.16549942879849,-0.410619381115582,0,0.221822781439318,"NH_Multiracial"
"2024_posthoc_comparative_evaluation","race_neutral_counselling_logistic",0.83,4.88235294117647,0.746088511399195,"support_or_encourage_planned_TOLAC","TOLAC_supported_and_VBAC_occurs","TOLAC_supported_but_TOLAC_fails",589,55,1080,513,0.143259091745773,-0.49359699176944,0,0.192013533993585,"NH_Multiracial"
"2024_posthoc_comparative_evaluation","race_neutral_counselling_logistic",0.84,5.25,0.746088511399195,"support_or_encourage_planned_TOLAC","TOLAC_supported_and_VBAC_occurs","TOLAC_supported_but_TOLAC_fails",548,47,1121,521,0.134666964684846,-0.58694680375503,0,0.180497303774715,"NH_Multiracial"
"2024_posthoc_comparative_evaluation","race_neutral_counselling_logistic",0.85,5.66666666666667,0.746088511399195,"support_or_encourage_planned_TOLAC","TOLAC_supported_and_VBAC_occurs","TOLAC_supported_but_TOLAC_fails",499,44,1170,524,0.111607808076293,-0.692743257338699,0,0.149590573197523,"NH_Multiracial"
"2024_posthoc_comparative_evaluation","race_neutral_counselling_logistic",0.86,6.14285714285715,0.746088511399195,"support_or_encourage_planned_TOLAC","TOLAC_supported_and_VBAC_occurs","TOLAC_supported_but_TOLAC_fails",457,39,1212,529,0.0971965004150967,-0.813653490005749,0,0.130274758195669,"NH_Multiracial"
"2024_posthoc_comparative_evaluation","race_neutral_counselling_logistic",0.87,6.6923076923077,0.746088511399195,"support_or_encourage_planned_TOLAC","TOLAC_supported_and_VBAC_occurs","TOLAC_supported_but_TOLAC_fails",393,36,1276,532,0.067982531549809,-0.953165296929268,0,0.0911185878232012,"NH_Multiracial"
"2024_posthoc_comparative_evaluation","race_neutral_counselling_logistic",0.88,7.33333333333334,0.746088511399195,"support_or_encourage_planned_TOLAC","TOLAC_supported_and_VBAC_occurs","TOLAC_supported_but_TOLAC_fails",345,31,1324,537,0.0526002086127253,-1.11592907167337,0,0.0705012981825443,"NH_Multiracial"
"2024_posthoc_comparative_evaluation","race_neutral_counselling_logistic",0.89,8.0909090909091,0.746088511399195,"support_or_encourage_planned_TOLAC","TOLAC_supported_and_VBAC_occurs","TOLAC_supported_but_TOLAC_fails",305,29,1364,539,0.0314544641768601,-1.30828626000732,0,0.0421591589955878,"NH_Multiracial"
"2024_posthoc_comparative_evaluation","race_neutral_counselling_logistic",0.9,9,0.746088511399195,"support_or_encourage_planned_TOLAC","TOLAC_supported_and_VBAC_occurs","TOLAC_supported_but_TOLAC_fails",265,23,1404,545,0.0259275815824765,-1.53911488600805,0,0.0347513481126423,"NH_Multiracial"
"2024_posthoc_comparative_evaluation","race_inclusive_counselling_logistic",0.2,0.25,0.746088511399195,"support_or_encourage_planned_TOLAC","TOLAC_supported_and_VBAC_occurs","TOLAC_supported_but_TOLAC_fails",1669,568,0,0,0.682610639248994,0.682610639248994,0,0.914919113241462,"NH_Multiracial"
"2024_posthoc_comparative_evaluation","race_inclusive_counselling_logistic",0.21,0.265822784810127,0.746088511399195,"support_or_encourage_planned_TOLAC","TOLAC_supported_and_VBAC_occurs","TOLAC_supported_but_TOLAC_fails",1669,568,0,0,0.678593052404045,0.678593052404045,0,0.909534246990922,"NH_Multiracial"
"2024_posthoc_comparative_evaluation","race_inclusive_counselling_logistic",0.22,0.282051282051282,0.746088511399195,"support_or_encourage_planned_TOLAC","TOLAC_supported_and_VBAC_occurs","TOLAC_supported_but_TOLAC_fails",1669,568,0,0,0.674472450511789,0.674472450511789,0,0.904011307246778,"NH_Multiracial"
"2024_posthoc_comparative_evaluation","race_inclusive_counselling_logistic",0.23,0.298701298701299,0.746088511399195,"support_or_encourage_planned_TOLAC","TOLAC_supported_and_VBAC_occurs","TOLAC_supported_but_TOLAC_fails",1669,568,0,0,0.670244819998955,0.670244819998955,0,0.898344914522266,"NH_Multiracial"
"2024_posthoc_comparative_evaluation","race_inclusive_counselling_logistic",0.24,0.315789473684211,0.746088511399195,"support_or_encourage_planned_TOLAC","TOLAC_supported_and_VBAC_occurs","TOLAC_supported_but_TOLAC_fails",1668,568,1,0,0.665458908782909,0.665905936051573,0,0.891930245025386,"NH_Multiracial"
"2024_posthoc_comparative_evaluation","race_inclusive_counselling_logistic",0.25,0.333333333333333,0.746088511399195,"support_or_encourage_planned_TOLAC","TOLAC_supported_and_VBAC_occurs","TOLAC_supported_but_TOLAC_fails",1667,568,2,0,0.660557293994934,0.66145134853226,0,0.885360495306571,"NH_Multiracial"
"2024_posthoc_comparative_evaluation","race_inclusive_counselling_logistic",0.26,0.351351351351351,0.746088511399195,"support_or_encourage_planned_TOLAC","TOLAC_supported_and_VBAC_occurs","TOLAC_supported_but_TOLAC_fails",1667,568,2,0,0.655982312218343,0.656876366755669,0,0.879228539504154,"NH_Multiracial"
"2024_posthoc_comparative_evaluation","race_inclusive_counselling_logistic",0.27,0.36986301369863,0.746088511399195,"support_or_encourage_planned_TOLAC","TOLAC_supported_and_VBAC_occurs","TOLAC_supported_but_TOLAC_fails",1667,568,2,0,0.65128198847527,0.652176043012596,0,0.872928584912629,"NH_Multiracial"
"2024_posthoc_comparative_evaluation","race_inclusive_counselling_logistic",0.28,0.388888888888889,0.746088511399195,"support_or_encourage_planned_TOLAC","TOLAC_supported_and_VBAC_occurs","TOLAC_supported_but_TOLAC_fails",1667,568,2,0,0.646451100183778,0.647345154721105,0,0.866453631582451,"NH_Multiracial"
"2024_posthoc_comparative_evaluation","race_inclusive_counselling_logistic",0.29,0.408450704225352,0.746088511399195,"support_or_encourage_planned_TOLAC","TOLAC_supported_and_VBAC_occurs","TOLAC_supported_but_TOLAC_fails",1666,567,3,1,0.641219691865992,0.642378185069289,0,0.859441851829973,"NH_Multiracial"
"2024_posthoc_comparative_evaluation","race_inclusive_counselling_logistic",0.3,0.428571428571429,0.746088511399195,"support_or_encourage_planned_TOLAC","TOLAC_supported_and_VBAC_occurs","TOLAC_supported_but_TOLAC_fails",1666,567,3,1,0.636119803308002,0.63726930199885,0,0.852606351108448,"NH_Multiracial"
"2024_posthoc_comparative_evaluation","race_inclusive_counselling_logistic",0.31,0.449275362318841,0.746088511399195,"support_or_encourage_planned_TOLAC","TOLAC_supported_and_VBAC_occurs","TOLAC_supported_but_TOLAC_fails",1666,567,3,1,0.630872091893258,0.632012335361153,0,0.845572719931227,"NH_Multiracial"
"2024_posthoc_comparative_evaluation","race_inclusive_counselling_logistic",0.32,0.470588235294118,0.746088511399195,"support_or_encourage_planned_TOLAC","TOLAC_supported_and_VBAC_occurs","TOLAC_supported_but_TOLAC_fails",1666,566,3,2,0.625680401798627,0.62660075205764,0,0.83861417544849,"NH_Multiracial"
"2024_posthoc_comparative_evaluation","race_inclusive_counselling_logistic",0.33,0.492537313432836,0.746088511399195,"support_or_encourage_planned_TOLAC","TOLAC_supported_and_VBAC_occurs","TOLAC_supported_but_TOLAC_fails",1666,566,3,2,0.62012690236791,0.621027628954023,0,0.831170689393059,"NH_Multiracial"
"2024_posthoc_comparative_evaluation","race_inclusive_counselling_logistic",0.34,0.515151515151515,0.746088511399195,"support_or_encourage_planned_TOLAC","TOLAC_supported_and_VBAC_occurs","TOLAC_supported_but_TOLAC_fails",1666,566,3,2,0.614405115075656,0.615285623332114,0,0.82350164315413,"NH_Multiracial"
"2024_posthoc_comparative_evaluation","race_inclusive_counselling_logistic",0.35,0.538461538461538,0.746088511399195,"support_or_encourage_planned_TOLAC","TOLAC_supported_and_VBAC_occurs","TOLAC_supported_but_TOLAC_fails",1666,565,3,3,0.608747979780613,0.609366940614147,0,0.815919251509425,"NH_Multiracial"
"2024_posthoc_comparative_evaluation","race_inclusive_counselling_logistic",0.36,0.5625,0.746088511399195,"support_or_encourage_planned_TOLAC","TOLAC_supported_and_VBAC_occurs","TOLAC_supported_but_TOLAC_fails",1666,565,3,3,0.602676575771122,0.603263299061243,0,0.807781605751947,"NH_Multiracial"
"2024_posthoc_comparative_evaluation","race_inclusive_counselling_logistic",0.37,0.587301587301587,0.746088511399195,"support_or_encourage_planned_TOLAC","TOLAC_supported_and_VBAC_occurs","TOLAC_supported_but_TOLAC_fails",1666,565,3,3,0.596412428777203,0.596965891109834,0,0.799385622033915,"NH_Multiracial"
"2024_posthoc_comparative_evaluation","race_inclusive_counselling_logistic",0.38,0.612903225806452,0.746088511399195,"support_or_encourage_planned_TOLAC","TOLAC_supported_and_VBAC_occurs","TOLAC_supported_but_TOLAC_fails",1666,564,3,4,0.590220196980403,0.590465340966444,0,0.79108602794797,"NH_Multiracial"
"2024_posthoc_comparative_evaluation","race_inclusive_counselling_logistic",0.39,0.639344262295082,0.746088511399195,"support_or_encourage_planned_TOLAC","TOLAC_supported_and_VBAC_occurs","TOLAC_supported_but_TOLAC_fails",1665,563,4,5,0.583392570553361,0.583751658031468,0,0.781934799477453,"NH_Multiracial"
"2024_posthoc_comparative_evaluation","race_inclusive_counselling_logistic",0.4,0.666666666666667,0.746088511399195,"support_or_encourage_planned_TOLAC","TOLAC_supported_and_VBAC_occurs","TOLAC_supported_but_TOLAC_fails",1665,560,4,8,0.577410222023543,0.576814185665325,0,0.773916516876373,"NH_Multiracial"
"2024_posthoc_comparative_evaluation","race_inclusive_counselling_logistic",0.41,0.694915254237288,0.746088511399195,"support_or_encourage_planned_TOLAC","TOLAC_supported_and_VBAC_occurs","TOLAC_supported_but_TOLAC_fails",1663,559,6,9,0.569755195744907,0.569641544744399,0,0.763656304901951,"NH_Multiracial"
"2024_posthoc_comparative_evaluation","race_inclusive_counselling_logistic",0.42,0.724137931034483,0.746088511399195,"support_or_encourage_planned_TOLAC","TOLAC_supported_and_VBAC_occurs","TOLAC_supported_but_TOLAC_fails",1662,558,7,10,0.562329474511738,0.562221571377923,0,0.753703435879424,"NH_Multiracial"
"2024_posthoc_comparative_evaluation","race_inclusive_counselling_logistic",0.43,0.754385964912281,0.746088511399195,"support_or_encourage_planned_TOLAC","TOLAC_supported_and_VBAC_occurs","TOLAC_supported_but_TOLAC_fails",1661,555,8,13,0.555349034185822,0.554541248068764,0,0.744347387341932,"NH_Multiracial"
"2024_posthoc_comparative_evaluation","race_inclusive_counselling_logistic",0.44,0.785714285714286,0.746088511399195,"support_or_encourage_planned_TOLAC","TOLAC_supported_and_VBAC_occurs","TOLAC_supported_but_TOLAC_fails",1660,555,9,13,0.547129446324797,0.546586627498563,0,0.733330480184884,"NH_Multiracial"
"2024_posthoc_comparative_evaluation","race_inclusive_counselling_logistic",0.45,0.818181818181818,0.746088511399195,"support_or_encourage_planned_TOLAC","TOLAC_supported_and_VBAC_occurs","TOLAC_supported_but_TOLAC_fails",1658,548,11,20,0.540740439712277,0.538342747998537,0,0.724767144179966,"NH_Multiracial"
"2024_posthoc_comparative_evaluation","race_inclusive_counselling_logistic",0.46,0.851851851851852,0.746088511399195,"support_or_encourage_planned_TOLAC","TOLAC_supported_and_VBAC_occurs","TOLAC_supported_but_TOLAC_fails",1657,547,12,21,0.532426033543602,0.529793539628139,0,0.713623149812485,"NH_Multiracial"
"2024_posthoc_comparative_evaluation","race_inclusive_counselling_logistic",0.47,0.886792452830189,0.746088511399195,"support_or_encourage_planned_TOLAC","TOLAC_supported_and_VBAC_occurs","TOLAC_supported_but_TOLAC_fails",1655,543,14,25,0.524573848061336,0.520921719621123,0,0.703098680714924,"NH_Multiracial"
"2024_posthoc_comparative_evaluation","race_inclusive_counselling_logistic",0.48,0.923076923076923,0.746088511399195,"support_or_encourage_planned_TOLAC","TOLAC_supported_and_VBAC_occurs","TOLAC_supported_but_TOLAC_fails",1653,538,16,30,0.516935456139748,0.511708675767683,0,0.692860764160944,"NH_Multiracial"
"2024_posthoc_comparative_evaluation","race_inclusive_counselling_logistic",0.49,0.96078431372549,0.746088511399195,"support_or_encourage_planned_TOLAC","TOLAC_supported_and_VBAC_occurs","TOLAC_supported_but_TOLAC_fails",1648,534,21,34,0.50734965421126,0.502134336076854,0,0.680012688118987,"NH_Multiracial"
"2024_posthoc_comparative_evaluation","race_inclusive_counselling_logistic",0.5,1,0.746088511399195,"support_or_encourage_planned_TOLAC","TOLAC_supported_and_VBAC_occurs","TOLAC_supported_but_TOLAC_fails",1644,533,25,35,0.496647295485025,0.492177022798391,0,0.665668064709407,"NH_Multiracial"
"2024_posthoc_comparative_evaluation","race_inclusive_counselling_logistic",0.51,1.04081632653061,0.746088511399195,"support_or_encourage_planned_TOLAC","TOLAC_supported_and_VBAC_occurs","TOLAC_supported_but_TOLAC_fails",1639,530,30,38,0.486082855135796,0.481813288569786,0,0.651508296548098,"NH_Multiracial"
"2024_posthoc_comparative_evaluation","race_inclusive_counselling_logistic",0.52,1.08333333333333,0.746088511399195,"support_or_encourage_planned_TOLAC","TOLAC_supported_and_VBAC_occurs","TOLAC_supported_but_TOLAC_fails",1633,527,36,41,0.474780211592907,0.471017732081657,0,0.636359097263831,"NH_Multiracial"
"2024_posthoc_comparative_evaluation","race_inclusive_counselling_logistic",0.53,1.12765957446809,0.746088511399195,"support_or_encourage_planned_TOLAC","TOLAC_supported_and_VBAC_occurs","TOLAC_supported_but_TOLAC_fails",1629,521,40,47,0.465574144703678,0.459762790211054,0,0.624019989036625,"NH_Multiracial"
"2024_posthoc_comparative_evaluation","race_inclusive_counselling_logistic",0.54,1.17391304347826,0.746088511399195,"support_or_encourage_planned_TOLAC","TOLAC_supported_and_VBAC_occurs","TOLAC_supported_but_TOLAC_fails",1619,515,50,53,0.453480010106703,0.448018503041729,0,0.6078099356553,"NH_Multiracial"
"2024_posthoc_comparative_evaluation","race_inclusive_counselling_logistic",0.55,1.22222222222222,0.746088511399195,"support_or_encourage_planned_TOLAC","TOLAC_supported_and_VBAC_occurs","TOLAC_supported_but_TOLAC_fails",1615,508,54,60,0.444394774747926,0.435752247553767,0,0.595632780773584,"NH_Multiracial"
"2024_posthoc_comparative_evaluation","race_inclusive_counselling_logistic",0.56,1.27272727272727,0.746088511399195,"support_or_encourage_planned_TOLAC","TOLAC_supported_and_VBAC_occurs","TOLAC_supported_but_TOLAC_fails",1607,502,62,66,0.432763034908766,0.422928434998171,0,0.580042485974182,"NH_Multiracial"
"2024_posthoc_comparative_evaluation","race_inclusive_counselling_logistic",0.57,1.32558139534884,0.746088511399195,"support_or_encourage_planned_TOLAC","TOLAC_supported_and_VBAC_occurs","TOLAC_supported_but_TOLAC_fails",1593,493,76,75,0.419976920917757,0.40950816604464,0,0.56290495631697,"NH_Multiracial"
"2024_posthoc_comparative_evaluation","race_inclusive_counselling_logistic",0.58,1.38095238095238,0.746088511399195,"support_or_encourage_planned_TOLAC","TOLAC_supported_and_VBAC_occurs","TOLAC_supported_but_TOLAC_fails",1581,482,88,86,0.409200246929348,0.395448836664751,0,0.548460726411595,"NH_Multiracial"
"2024_posthoc_comparative_evaluation","race_inclusive_counselling_logistic",0.59,1.4390243902439,0.746088511399195,"support_or_encourage_planned_TOLAC","TOLAC_supported_and_VBAC_occurs","TOLAC_supported_but_TOLAC_fails",1567,470,102,98,0.398148652921487,0.380703686339501,0,0.533648014730597,"NH_Multiracial"
"2024_posthoc_comparative_evaluation","race_inclusive_counselling_logistic",0.6,1.5,0.746088511399195,"support_or_encourage_planned_TOLAC","TOLAC_supported_and_VBAC_occurs","TOLAC_supported_but_TOLAC_fails",1555,461,114,107,0.386008046490836,0.365221278497988,0,0.517375674056321,"NH_Multiracial"
"2024_posthoc_comparative_evaluation","race_inclusive_counselling_logistic",0.61,1.56410256410256,0.746088511399195,"support_or_encourage_planned_TOLAC","TOLAC_supported_and_VBAC_occurs","TOLAC_supported_but_TOLAC_fails",1536,446,133,122,0.374792246942448,0.348944901023578,0,0.502342873822802,"NH_Multiracial"
"2024_posthoc_comparative_evaluation","race_inclusive_counselling_logistic",0.62,1.63157894736842,0.746088511399195,"support_or_encourage_planned_TOLAC","TOLAC_supported_and_VBAC_occurs","TOLAC_supported_but_TOLAC_fails",1507,424,162,144,0.364421334964591,0.331811872103146,0,0.488442496294661,"NH_Multiracial"
"2024_posthoc_comparative_evaluation","race_inclusive_counselling_logistic",0.63,1.7027027027027,0.746088511399195,"support_or_encourage_planned_TOLAC","TOLAC_supported_and_VBAC_occurs","TOLAC_supported_but_TOLAC_fails",1486,411,183,157,0.351448005895927,0.313752733511339,0,0.471054037860509,"NH_Multiracial"
"2024_posthoc_comparative_evaluation","race_inclusive_counselling_logistic",0.64,1.77777777777778,0.746088511399195,"support_or_encourage_planned_TOLAC","TOLAC_supported_and_VBAC_occurs","TOLAC_supported_but_TOLAC_fails",1460,388,209,180,0.344310336263845,0.294690309442209,0,0.461487251181679,"NH_Multiracial"
"2024_posthoc_comparative_evaluation","race_inclusive_counselling_logistic",0.65,1.85714285714286,0.746088511399195,"support_or_encourage_planned_TOLAC","TOLAC_supported_and_VBAC_occurs","TOLAC_supported_but_TOLAC_fails",1429,366,240,202,0.334951146305639,0.274538603997701,0,0.448942908499529,"NH_Multiracial"
"2024_posthoc_comparative_evaluation","race_inclusive_counselling_logistic",0.66,1.94117647058824,0.746088511399195,"support_or_encourage_planned_TOLAC","TOLAC_supported_and_VBAC_occurs","TOLAC_supported_but_TOLAC_fails",1404,345,265,223,0.328249493807357,0.25320150411528,0,0.439960525852042,"NH_Multiracial"
"2024_posthoc_comparative_evaluation","race_inclusive_counselling_logistic",0.67,2.03030303030303,0.746088511399195,"support_or_encourage_planned_TOLAC","TOLAC_supported_and_VBAC_occurs","TOLAC_supported_but_TOLAC_fails",1372,325,297,243,0.318351146692676,0.230571246664228,0,0.426693538137517,"NH_Multiracial"
"2024_posthoc_comparative_evaluation","race_inclusive_counselling_logistic",0.68,2.125,0.746088511399195,"support_or_encourage_planned_TOLAC","TOLAC_supported_and_VBAC_occurs","TOLAC_supported_but_TOLAC_fails",1338,311,331,257,0.302693339293697,0.206526598122486,0,0.40570701018574,"NH_Multiracial"
"2024_posthoc_comparative_evaluation","race_inclusive_counselling_logistic",0.69,2.2258064516129,0.746088511399195,"support_or_encourage_planned_TOLAC","TOLAC_supported_and_VBAC_occurs","TOLAC_supported_but_TOLAC_fails",1285,285,384,283,0.290856129320663,0.180930681932888,0,0.389841318927695,"NH_Multiracial"
"2024_posthoc_comparative_evaluation","race_inclusive_counselling_logistic",0.7,2.33333333333333,0.746088511399195,"support_or_encourage_planned_TOLAC","TOLAC_supported_and_VBAC_occurs","TOLAC_supported_but_TOLAC_fails",1243,262,426,306,0.282372224705707,0.153628371330651,0,0.378470141801478,"NH_Multiracial"
"2024_posthoc_comparative_evaluation","race_inclusive_counselling_logistic",0.71,2.44827586206897,0.746088511399195,"support_or_encourage_planned_TOLAC","TOLAC_supported_and_VBAC_occurs","TOLAC_supported_but_TOLAC_fails",1191,250,478,318,0.258797959089298,0.124443142755846,0,0.346872998491767,"NH_Multiracial"
"2024_posthoc_comparative_evaluation","race_inclusive_counselling_logistic",0.72,2.57142857142857,0.746088511399195,"support_or_encourage_planned_TOLAC","TOLAC_supported_and_VBAC_occurs","TOLAC_supported_but_TOLAC_fails",1144,220,525,348,0.258509483364199,0.0931732549971263,0,0.34648634768467,"NH_Multiracial"
"2024_posthoc_comparative_evaluation","race_inclusive_counselling_logistic",0.73,2.7037037037037,0.746088511399195,"support_or_encourage_planned_TOLAC","TOLAC_supported_and_VBAC_occurs","TOLAC_supported_but_TOLAC_fails",1092,196,577,372,0.251262438119837,0.0595870792562792,0,0.336772962297228,"NH_Multiracial"
"2024_posthoc_comparative_evaluation","race_inclusive_counselling_logistic",0.74,2.84615384615385,0.746088511399195,"support_or_encourage_planned_TOLAC","TOLAC_supported_and_VBAC_occurs","TOLAC_supported_but_TOLAC_fails",1045,181,624,387,0.236855678965648,0.0234173515353667,0,0.317463243766419,"NH_Multiracial"
"2024_posthoc_comparative_evaluation","race_inclusive_counselling_logistic",0.75,3,0.746088511399195,"support_or_encourage_planned_TOLAC","TOLAC_supported_and_VBAC_occurs","TOLAC_supported_but_TOLAC_fails",981,158,688,410,0.226642825212338,-0.0156459544032186,0,0.303774715398442,"NH_Multiracial"
"2024_posthoc_comparative_evaluation","race_inclusive_counselling_logistic",0.76,3.16666666666667,0.746088511399195,"support_or_encourage_planned_TOLAC","TOLAC_supported_and_VBAC_occurs","TOLAC_supported_but_TOLAC_fails",929,128,740,440,0.234093279690061,-0.0579645358366861,0,0.313760734971041,"NH_Multiracial"
"2024_posthoc_comparative_evaluation","race_inclusive_counselling_logistic",0.77,3.34782608695652,0.746088511399195,"support_or_encourage_planned_TOLAC","TOLAC_supported_and_VBAC_occurs","TOLAC_supported_but_TOLAC_fails",880,114,789,454,0.22277506753999,-0.103962993916542,0,0.298590668715972,"NH_Multiracial"
"2024_posthoc_comparative_evaluation","race_inclusive_counselling_logistic",0.78,3.54545454545455,0.746088511399195,"support_or_encourage_planned_TOLAC","TOLAC_supported_and_VBAC_occurs","TOLAC_supported_but_TOLAC_fails",836,99,833,469,0.216808225301743,-0.154143130003658,0,0.290593169562612,"NH_Multiracial"
"2024_posthoc_comparative_evaluation","race_inclusive_counselling_logistic",0.79,3.76190476190476,0.746088511399195,"support_or_encourage_planned_TOLAC","TOLAC_supported_and_VBAC_occurs","TOLAC_supported_but_TOLAC_fails",775,91,894,477,0.193413798241693,-0.209102326670499,0,0.259237068104653,"NH_Multiracial"
"2024_posthoc_comparative_evaluation","race_inclusive_counselling_logistic",0.8,4,0.746088511399195,"support_or_encourage_planned_TOLAC","TOLAC_supported_and_VBAC_occurs","TOLAC_supported_but_TOLAC_fails",721,81,948,487,0.177469825659365,-0.269557443004024,0,0.237866986219293,"NH_Multiracial"
"2024_posthoc_comparative_evaluation","race_inclusive_counselling_logistic",0.81,4.26315789473684,0.746088511399195,"support_or_encourage_planned_TOLAC","TOLAC_supported_and_VBAC_occurs","TOLAC_supported_but_TOLAC_fails",677,72,992,496,0.165423617156436,-0.336376255793709,0,0.221721169310334,"NH_Multiracial"
"2024_posthoc_comparative_evaluation","race_inclusive_counselling_logistic",0.82,4.55555555555556,0.746088511399195,"support_or_encourage_planned_TOLAC","TOLAC_supported_and_VBAC_occurs","TOLAC_supported_but_TOLAC_fails",630,63,1039,505,0.153330353151542,-0.410619381115582,0,0.205512282804074,"NH_Multiracial"
"2024_posthoc_comparative_evaluation","race_inclusive_counselling_logistic",0.83,4.88235294117647,0.746088511399195,"support_or_encourage_planned_TOLAC","TOLAC_supported_and_VBAC_occurs","TOLAC_supported_but_TOLAC_fails",590,52,1079,516,0.150253753714271,-0.49359699176944,0,0.201388644133507,"NH_Multiracial"
"2024_posthoc_comparative_evaluation","race_inclusive_counselling_logistic",0.84,5.25,0.746088511399195,"support_or_encourage_planned_TOLAC","TOLAC_supported_and_VBAC_occurs","TOLAC_supported_but_TOLAC_fails",542,47,1127,521,0.131984801072865,-0.58694680375503,0,0.17690233672858,"NH_Multiracial"
"2024_posthoc_comparative_evaluation","race_inclusive_counselling_logistic",0.85,5.66666666666667,0.746088511399195,"support_or_encourage_planned_TOLAC","TOLAC_supported_and_VBAC_occurs","TOLAC_supported_but_TOLAC_fails",496,42,1173,526,0.115333035315154,-0.692743257338699,0,0.154583582983823,"NH_Multiracial"
"2024_posthoc_comparative_evaluation","race_inclusive_counselling_logistic",0.86,6.14285714285715,0.746088511399195,"support_or_encourage_planned_TOLAC","TOLAC_supported_and_VBAC_occurs","TOLAC_supported_but_TOLAC_fails",457,40,1212,528,0.0944504757647359,-0.813653490005749,0,0.126594196696054,"NH_Multiracial"
"2024_posthoc_comparative_evaluation","race_inclusive_counselling_logistic",0.87,6.6923076923077,0.746088511399195,"support_or_encourage_planned_TOLAC","TOLAC_supported_and_VBAC_occurs","TOLAC_supported_but_TOLAC_fails",396,37,1273,531,0.0663319693270519,-0.953165296929268,0,0.0889063004101948,"NH_Multiracial"
"2024_posthoc_comparative_evaluation","race_inclusive_counselling_logistic",0.88,7.33333333333334,0.746088511399195,"support_or_encourage_planned_TOLAC","TOLAC_supported_and_VBAC_occurs","TOLAC_supported_but_TOLAC_fails",352,31,1317,537,0.055729399493369,-1.11592907167337,0,0.0746954264030356,"NH_Multiracial"
"2024_posthoc_comparative_evaluation","race_inclusive_counselling_logistic",0.89,8.0909090909091,0.746088511399195,"support_or_encourage_planned_TOLAC","TOLAC_supported_and_VBAC_occurs","TOLAC_supported_but_TOLAC_fails",310,30,1359,538,0.0300727435282642,-1.30828626000732,0,0.0403072062748514,"NH_Multiracial"
"2024_posthoc_comparative_evaluation","race_inclusive_counselling_logistic",0.9,9,0.746088511399195,"support_or_encourage_planned_TOLAC","TOLAC_supported_and_VBAC_occurs","TOLAC_supported_but_TOLAC_fails",263,25,1406,543,0.0169870362092087,-1.53911488600805,0,0.0227681246255242,"NH_Multiracial"
"2024_posthoc_comparative_evaluation","race_neutral_counselling_logistic",0.2,0.25,0.75049504950495,"support_or_encourage_planned_TOLAC","TOLAC_supported_and_VBAC_occurs","TOLAC_supported_but_TOLAC_fails",379,126,0,0,0.688118811881188,0.688118811881188,0,0.91688654353562,"NH_NHOPI"
"2024_posthoc_comparative_evaluation","race_neutral_counselling_logistic",0.21,0.265822784810127,0.75049504950495,"support_or_encourage_planned_TOLAC","TOLAC_supported_and_VBAC_occurs","TOLAC_supported_but_TOLAC_fails",379,126,0,0,0.684170948740444,0.684170948740444,0,0.911626198189773,"NH_NHOPI"
"2024_posthoc_comparative_evaluation","race_neutral_counselling_logistic",0.22,0.282051282051282,0.75049504950495,"support_or_encourage_planned_TOLAC","TOLAC_supported_and_VBAC_occurs","TOLAC_supported_but_TOLAC_fails",379,126,0,0,0.68012185833968,0.68012185833968,0,0.906230972194033,"NH_NHOPI"
"2024_posthoc_comparative_evaluation","race_neutral_counselling_logistic",0.23,0.298701298701299,0.75049504950495,"support_or_encourage_planned_TOLAC","TOLAC_supported_and_VBAC_occurs","TOLAC_supported_but_TOLAC_fails",379,126,0,0,0.675967596759676,0.675967596759676,0,0.900695610458144,"NH_NHOPI"
"2024_posthoc_comparative_evaluation","race_neutral_counselling_logistic",0.24,0.315789473684211,0.75049504950495,"support_or_encourage_planned_TOLAC","TOLAC_supported_and_VBAC_occurs","TOLAC_supported_but_TOLAC_fails",379,126,0,0,0.671704012506514,0.671704012506514,0,0.895014581308152,"NH_NHOPI"
"2024_posthoc_comparative_evaluation","race_neutral_counselling_logistic",0.25,0.333333333333333,0.75049504950495,"support_or_encourage_planned_TOLAC","TOLAC_supported_and_VBAC_occurs","TOLAC_supported_but_TOLAC_fails",378,126,1,0,0.665346534653465,0.667326732673267,0,0.886543535620053,"NH_NHOPI"
"2024_posthoc_comparative_evaluation","race_neutral_counselling_logistic",0.26,0.351351351351351,0.75049504950495,"support_or_encourage_planned_TOLAC","TOLAC_supported_and_VBAC_occurs","TOLAC_supported_but_TOLAC_fails",378,126,1,0,0.660850949959861,0.662831147979663,0,0.880553376595593,"NH_NHOPI"
"2024_posthoc_comparative_evaluation","race_neutral_counselling_logistic",0.27,0.36986301369863,0.75049504950495,"support_or_encourage_planned_TOLAC","TOLAC_supported_and_VBAC_occurs","TOLAC_supported_but_TOLAC_fails",378,126,1,0,0.656232198562322,0.658212396582124,0,0.874399103625258,"NH_NHOPI"
"2024_posthoc_comparative_evaluation","race_neutral_counselling_logistic",0.28,0.388888888888889,0.75049504950495,"support_or_encourage_planned_TOLAC","TOLAC_supported_and_VBAC_occurs","TOLAC_supported_but_TOLAC_fails",378,126,1,0,0.651485148514852,0.653465346534653,0,0.868073878627968,"NH_NHOPI"
"2024_posthoc_comparative_evaluation","race_neutral_counselling_logistic",0.29,0.408450704225352,0.75049504950495,"support_or_encourage_planned_TOLAC","TOLAC_supported_and_VBAC_occurs","TOLAC_supported_but_TOLAC_fails",378,126,1,0,0.646604378747734,0.648584576767536,0,0.861570478278643,"NH_NHOPI"
"2024_posthoc_comparative_evaluation","race_neutral_counselling_logistic",0.3,0.428571428571429,0.75049504950495,"support_or_encourage_planned_TOLAC","TOLAC_supported_and_VBAC_occurs","TOLAC_supported_but_TOLAC_fails",378,125,1,1,0.642432814710042,0.643564356435644,0,0.856012061816811,"NH_NHOPI"
"2024_posthoc_comparative_evaluation","race_neutral_counselling_logistic",0.31,0.449275362318841,0.75049504950495,"support_or_encourage_planned_TOLAC","TOLAC_supported_and_VBAC_occurs","TOLAC_supported_but_TOLAC_fails",378,124,1,2,0.63819773281676,0.638398622470943,0,0.850369010745287,"NH_NHOPI"
"2024_posthoc_comparative_evaluation","race_neutral_counselling_logistic",0.32,0.470588235294118,0.75049504950495,"support_or_encourage_planned_TOLAC","TOLAC_supported_and_VBAC_occurs","TOLAC_supported_but_TOLAC_fails",378,123,1,3,0.633896330809552,0.633080955154339,0,0.844637591184231,"NH_NHOPI"
"2024_posthoc_comparative_evaluation","race_neutral_counselling_logistic",0.33,0.492537313432836,0.75049504950495,"support_or_encourage_planned_TOLAC","TOLAC_supported_and_VBAC_occurs","TOLAC_supported_but_TOLAC_fails",378,123,1,3,0.628550317718339,0.627604551499926,0,0.83751427558776,"NH_NHOPI"
"2024_posthoc_comparative_evaluation","race_neutral_counselling_logistic",0.34,0.515151515151515,0.75049504950495,"support_or_encourage_planned_TOLAC","TOLAC_supported_and_VBAC_occurs","TOLAC_supported_but_TOLAC_fails",378,123,1,3,0.623042304230423,0.621962196219622,0,0.830175101942912,"NH_NHOPI"
"2024_posthoc_comparative_evaluation","race_neutral_counselling_logistic",0.35,0.538461538461538,0.75049504950495,"support_or_encourage_planned_TOLAC","TOLAC_supported_and_VBAC_occurs","TOLAC_supported_but_TOLAC_fails",378,123,1,3,0.617364813404417,0.616146230007616,0,0.82261010757053,"NH_NHOPI"
"2024_posthoc_comparative_evaluation","race_neutral_counselling_logistic",0.36,0.5625,0.75049504950495,"support_or_encourage_planned_TOLAC","TOLAC_supported_and_VBAC_occurs","TOLAC_supported_but_TOLAC_fails",377,123,2,3,0.609529702970297,0.610148514851485,0,0.81217018469657,"NH_NHOPI"
"2024_posthoc_comparative_evaluation","race_neutral_counselling_logistic",0.37,0.587301587301587,0.75049504950495,"support_or_encourage_planned_TOLAC","TOLAC_supported_and_VBAC_occurs","TOLAC_supported_but_TOLAC_fails",377,123,2,3,0.603488920320604,0.603960396039604,0,0.804121120743812,"NH_NHOPI"
"2024_posthoc_comparative_evaluation","race_neutral_counselling_logistic",0.38,0.612903225806452,0.75049504950495,"support_or_encourage_planned_TOLAC","TOLAC_supported_and_VBAC_occurs","TOLAC_supported_but_TOLAC_fails",377,122,2,4,0.59846694346854,0.597572660491856,0,0.797429568473913,"NH_NHOPI"
"2024_posthoc_comparative_evaluation","race_neutral_counselling_logistic",0.39,0.639344262295082,0.75049504950495,"support_or_encourage_planned_TOLAC","TOLAC_supported_and_VBAC_occurs","TOLAC_supported_but_TOLAC_fails",377,122,2,4,0.592079207920792,0.590975490991722,0,0.788918205804749,"NH_NHOPI"
"2024_posthoc_comparative_evaluation","race_neutral_counselling_logistic",0.4,0.666666666666667,0.75049504950495,"support_or_encourage_planned_TOLAC","TOLAC_supported_and_VBAC_occurs","TOLAC_supported_but_TOLAC_fails",377,122,2,4,0.585478547854785,0.584158415841584,0,0.780123131046614,"NH_NHOPI"
"2024_posthoc_comparative_evaluation","race_neutral_counselling_logistic",0.41,0.694915254237288,0.75049504950495,"support_or_encourage_planned_TOLAC","TOLAC_supported_and_VBAC_occurs","TOLAC_supported_but_TOLAC_fails",376,122,3,4,0.576673938580299,0.577110253398221,0,0.768391395733643,"NH_NHOPI"
"2024_posthoc_comparative_evaluation","race_neutral_counselling_logistic",0.42,0.724137931034483,0.75049504950495,"support_or_encourage_planned_TOLAC","TOLAC_supported_and_VBAC_occurs","TOLAC_supported_but_TOLAC_fails",376,122,3,4,0.56961420279959,0.569819050870604,0,0.758984623783095,"NH_NHOPI"
"2024_posthoc_comparative_evaluation","race_neutral_counselling_logistic",0.43,0.754385964912281,0.75049504950495,"support_or_encourage_planned_TOLAC","TOLAC_supported_and_VBAC_occurs","TOLAC_supported_but_TOLAC_fails",376,122,3,4,0.562306756991489,0.562272016675352,0,0.749247789658844,"NH_NHOPI"
"2024_posthoc_comparative_evaluation","race_neutral_counselling_logistic",0.44,0.785714285714286,0.75049504950495,"support_or_encourage_planned_TOLAC","TOLAC_supported_and_VBAC_occurs","TOLAC_supported_but_TOLAC_fails",376,122,3,4,0.554738330975955,0.554455445544555,0,0.739163211458726,"NH_NHOPI"
"2024_posthoc_comparative_evaluation","race_neutral_counselling_logistic",0.45,0.818181818181818,0.75049504950495,"support_or_encourage_planned_TOLAC","TOLAC_supported_and_VBAC_occurs","TOLAC_supported_but_TOLAC_fails",376,120,3,6,0.55013501350135,0.546354635463546,0,0.733029503478052,"NH_NHOPI"
"2024_posthoc_comparative_evaluation","race_neutral_counselling_logistic",0.46,0.851851851851852,0.75049504950495,"support_or_encourage_planned_TOLAC","TOLAC_supported_and_VBAC_occurs","TOLAC_supported_but_TOLAC_fails",375,118,4,8,0.543527686101944,0.537953795379538,0,0.72422554480602,"NH_NHOPI"
"2024_posthoc_comparative_evaluation","race_neutral_counselling_logistic",0.47,0.886792452830189,0.75049504950495,"support_or_encourage_planned_TOLAC","TOLAC_supported_and_VBAC_occurs","TOLAC_supported_but_TOLAC_fails",375,118,4,8,0.53536334765552,0.529235942462171,0,0.713346940807487,"NH_NHOPI"
"2024_posthoc_comparative_evaluation","race_neutral_counselling_logistic",0.48,0.923076923076923,0.75049504950495,"support_or_encourage_planned_TOLAC","TOLAC_supported_and_VBAC_occurs","TOLAC_supported_but_TOLAC_fails",374,117,5,9,0.526732673267327,0.52018278750952,0,0.701846965699208,"NH_NHOPI"
"2024_posthoc_comparative_evaluation","race_neutral_counselling_logistic",0.49,0.96078431372549,0.75049504950495,"support_or_encourage_planned_TOLAC","TOLAC_supported_and_VBAC_occurs","TOLAC_supported_but_TOLAC_fails",374,116,5,10,0.519899048728402,0.510774606872452,0,0.692741476537845,"NH_NHOPI"
"2024_posthoc_comparative_evaluation","race_neutral_counselling_logistic",0.5,1,0.75049504950495,"support_or_encourage_planned_TOLAC","TOLAC_supported_and_VBAC_occurs","TOLAC_supported_but_TOLAC_fails",373,114,6,12,0.512871287128713,0.500990099009901,0,0.683377308707124,"NH_NHOPI"
"2024_posthoc_comparative_evaluation","race_neutral_counselling_logistic",0.51,1.04081632653061,0.75049504950495,"support_or_encourage_planned_TOLAC","TOLAC_supported_and_VBAC_occurs","TOLAC_supported_but_TOLAC_fails",369,112,10,14,0.4998585572843,0.490806223479491,0,0.666038447041086,"NH_NHOPI"
"2024_posthoc_comparative_evaluation","race_neutral_counselling_logistic",0.52,1.08333333333333,0.75049504950495,"support_or_encourage_planned_TOLAC","TOLAC_supported_and_VBAC_occurs","TOLAC_supported_but_TOLAC_fails",365,111,14,15,0.484653465346535,0.48019801980198,0,0.645778364116095,"NH_NHOPI"
"2024_posthoc_comparative_evaluation","race_neutral_counselling_logistic",0.53,1.12765957446809,0.75049504950495,"support_or_encourage_planned_TOLAC","TOLAC_supported_and_VBAC_occurs","TOLAC_supported_but_TOLAC_fails",363,108,16,18,0.477649041499895,0.469138403202022,0,0.636445292763712,"NH_NHOPI"
"2024_posthoc_comparative_evaluation","race_neutral_counselling_logistic",0.54,1.17391304347826,0.75049504950495,"support_or_encourage_planned_TOLAC","TOLAC_supported_and_VBAC_occurs","TOLAC_supported_but_TOLAC_fails",361,107,18,19,0.46612139474817,0.457597933706414,0,0.621085235746243,"NH_NHOPI"
"2024_posthoc_comparative_evaluation","race_neutral_counselling_logistic",0.55,1.22222222222222,0.75049504950495,"support_or_encourage_planned_TOLAC","TOLAC_supported_and_VBAC_occurs","TOLAC_supported_but_TOLAC_fails",360,107,19,19,0.453905390539054,0.445544554455445,0,0.604807974201114,"NH_NHOPI"
"2024_posthoc_comparative_evaluation","race_neutral_counselling_logistic",0.56,1.27272727272727,0.75049504950495,"support_or_encourage_planned_TOLAC","TOLAC_supported_and_VBAC_occurs","TOLAC_supported_but_TOLAC_fails",359,105,20,21,0.446264626462646,0.432943294329433,0,0.59462700887503,"NH_NHOPI"
"2024_posthoc_comparative_evaluation","race_neutral_counselling_logistic",0.57,1.32558139534884,0.75049504950495,"support_or_encourage_planned_TOLAC","TOLAC_supported_and_VBAC_occurs","TOLAC_supported_but_TOLAC_fails",358,104,21,22,0.435919871056873,0.41975592908128,0,0.580843099957047,"NH_NHOPI"
"2024_posthoc_comparative_evaluation","race_neutral_counselling_logistic",0.58,1.38095238095238,0.75049504950495,"support_or_encourage_planned_TOLAC","TOLAC_supported_and_VBAC_occurs","TOLAC_supported_but_TOLAC_fails",357,104,22,22,0.422536539368222,0.405940594059406,0,0.563010428445785,"NH_NHOPI"
"2024_posthoc_comparative_evaluation","race_neutral_counselling_logistic",0.59,1.4390243902439,0.75049504950495,"support_or_encourage_planned_TOLAC","TOLAC_supported_and_VBAC_occurs","TOLAC_supported_but_TOLAC_fails",357,103,22,23,0.413426708524511,0.391451340255977,0,0.550871999485166,"NH_NHOPI"
"2024_posthoc_comparative_evaluation","race_neutral_counselling_logistic",0.6,1.5,0.75049504950495,"support_or_encourage_planned_TOLAC","TOLAC_supported_and_VBAC_occurs","TOLAC_supported_but_TOLAC_fails",351,99,28,27,0.400990099009901,0.376237623762376,0,0.534300791556728,"NH_NHOPI"
"2024_posthoc_comparative_evaluation","race_neutral_counselling_logistic",0.61,1.56410256410256,0.75049504950495,"support_or_encourage_planned_TOLAC","TOLAC_supported_and_VBAC_occurs","TOLAC_supported_but_TOLAC_fails",347,92,32,34,0.402183295252602,0.36024371667936,0,0.535890670455314,"NH_NHOPI"
"2024_posthoc_comparative_evaluation","race_neutral_counselling_logistic",0.62,1.63157894736842,0.75049504950495,"support_or_encourage_planned_TOLAC","TOLAC_supported_and_VBAC_occurs","TOLAC_supported_but_TOLAC_fails",344,85,35,41,0.40656591974987,0.343408025013028,0,0.541730315233995,"NH_NHOPI"
"2024_posthoc_comparative_evaluation","race_neutral_counselling_logistic",0.63,1.7027027027027,0.75049504950495,"support_or_encourage_planned_TOLAC","TOLAC_supported_and_VBAC_occurs","TOLAC_supported_but_TOLAC_fails",338,80,41,46,0.3995718490768,0.325662295959326,0,0.532411039007345,"NH_NHOPI"
"2024_posthoc_comparative_evaluation","race_neutral_counselling_logistic",0.64,1.77777777777778,0.75049504950495,"support_or_encourage_planned_TOLAC","TOLAC_supported_and_VBAC_occurs","TOLAC_supported_but_TOLAC_fails",333,74,46,52,0.398899889988999,0.306930693069307,0,0.531515684549985,"NH_NHOPI"
"2024_posthoc_comparative_evaluation","race_neutral_counselling_logistic",0.65,1.85714285714286,0.75049504950495,"support_or_encourage_planned_TOLAC","TOLAC_supported_and_VBAC_occurs","TOLAC_supported_but_TOLAC_fails",326,72,53,54,0.380763790664781,0.287128712871287,0,0.507350169619299,"NH_NHOPI"
"2024_posthoc_comparative_evaluation","race_neutral_counselling_logistic",0.66,1.94117647058824,0.75049504950495,"support_or_encourage_planned_TOLAC","TOLAC_supported_and_VBAC_occurs","TOLAC_supported_but_TOLAC_fails",319,70,60,56,0.36260920209668,0.266161910308678,0,0.483160018624864,"NH_NHOPI"
"2024_posthoc_comparative_evaluation","race_neutral_counselling_logistic",0.67,2.03030303030303,0.75049504950495,"support_or_encourage_planned_TOLAC","TOLAC_supported_and_VBAC_occurs","TOLAC_supported_but_TOLAC_fails",312,67,67,59,0.348454845484548,0.243924392439244,0,0.464299992004477,"NH_NHOPI"
"2024_posthoc_comparative_evaluation","race_neutral_counselling_logistic",0.68,2.125,0.75049504950495,"support_or_encourage_planned_TOLAC","TOLAC_supported_and_VBAC_occurs","TOLAC_supported_but_TOLAC_fails",306,63,73,63,0.340841584158416,0.22029702970297,0,0.454155672823219,"NH_NHOPI"
"2024_posthoc_comparative_evaluation","race_neutral_counselling_logistic",0.69,2.2258064516129,0.75049504950495,"support_or_encourage_planned_TOLAC","TOLAC_supported_and_VBAC_occurs","TOLAC_supported_but_TOLAC_fails",302,58,77,68,0.34238262535931,0.195145320983711,0,0.456209039067155,"NH_NHOPI"
"2024_posthoc_comparative_evaluation","race_neutral_counselling_logistic",0.7,2.33333333333333,0.75049504950495,"support_or_encourage_planned_TOLAC","TOLAC_supported_and_VBAC_occurs","TOLAC_supported_but_TOLAC_fails",295,54,84,72,0.334653465346535,0.168316831683168,0,0.445910290237467,"NH_NHOPI"
"2024_posthoc_comparative_evaluation","race_neutral_counselling_logistic",0.71,2.44827586206897,0.75049504950495,"support_or_encourage_planned_TOLAC","TOLAC_supported_and_VBAC_occurs","TOLAC_supported_but_TOLAC_fails",280,50,99,76,0.312051894844657,0.139638101741209,0,0.415794741151852,"NH_NHOPI"
"2024_posthoc_comparative_evaluation","race_neutral_counselling_logistic",0.72,2.57142857142857,0.75049504950495,"support_or_encourage_planned_TOLAC","TOLAC_supported_and_VBAC_occurs","TOLAC_supported_but_TOLAC_fails",271,50,108,76,0.282036775106082,0.108910891089109,0,0.375800980022616,"NH_NHOPI"
"2024_posthoc_comparative_evaluation","race_neutral_counselling_logistic",0.73,2.7037037037037,0.75049504950495,"support_or_encourage_planned_TOLAC","TOLAC_supported_and_VBAC_occurs","TOLAC_supported_but_TOLAC_fails",260,48,119,78,0.257865786578658,0.075907590759076,0,0.343594253884491,"NH_NHOPI"
"2024_posthoc_comparative_evaluation","race_neutral_counselling_logistic",0.74,2.84615384615385,0.75049504950495,"support_or_encourage_planned_TOLAC","TOLAC_supported_and_VBAC_occurs","TOLAC_supported_but_TOLAC_fails",251,42,128,84,0.26031987814166,0.0403655750190405,0,0.346864217576619,"NH_NHOPI"
"2024_posthoc_comparative_evaluation","race_neutral_counselling_logistic",0.75,3,0.75049504950495,"support_or_encourage_planned_TOLAC","TOLAC_supported_and_VBAC_occurs","TOLAC_supported_but_TOLAC_fails",242,39,137,87,0.247524752475248,0.00198019801980198,0,0.329815303430079,"NH_NHOPI"
"2024_posthoc_comparative_evaluation","race_neutral_counselling_logistic",0.76,3.16666666666667,0.75049504950495,"support_or_encourage_planned_TOLAC","TOLAC_supported_and_VBAC_occurs","TOLAC_supported_but_TOLAC_fails",231,36,148,90,0.231683168316832,-0.0396039603960396,0,0.308707124010554,"NH_NHOPI"
"2024_posthoc_comparative_evaluation","race_neutral_counselling_logistic",0.77,3.34782608695652,0.75049504950495,"support_or_encourage_planned_TOLAC","TOLAC_supported_and_VBAC_occurs","TOLAC_supported_but_TOLAC_fails",223,31,156,95,0.236074042186827,-0.0848041325871718,0,0.314557760697488,"NH_NHOPI"
"2024_posthoc_comparative_evaluation","race_neutral_counselling_logistic",0.78,3.54545454545455,0.75049504950495,"support_or_encourage_planned_TOLAC","TOLAC_supported_and_VBAC_occurs","TOLAC_supported_but_TOLAC_fails",215,29,164,97,0.222142214221422,-0.134113411341134,0,0.295994243223795,"NH_NHOPI"
"2024_posthoc_comparative_evaluation","race_neutral_counselling_logistic",0.79,3.76190476190476,0.75049504950495,"support_or_encourage_planned_TOLAC","TOLAC_supported_and_VBAC_occurs","TOLAC_supported_but_TOLAC_fails",204,24,175,102,0.225176803394625,-0.188118811881188,0,0.300037693177535,"NH_NHOPI"
"2024_posthoc_comparative_evaluation","race_neutral_counselling_logistic",0.8,4,0.75049504950495,"support_or_encourage_planned_TOLAC","TOLAC_supported_and_VBAC_occurs","TOLAC_supported_but_TOLAC_fails",199,24,180,102,0.203960396039604,-0.247524752475248,0,0.271767810026385,"NH_NHOPI"
"2024_posthoc_comparative_evaluation","race_neutral_counselling_logistic",0.81,4.26315789473684,0.75049504950495,"support_or_encourage_planned_TOLAC","TOLAC_supported_and_VBAC_occurs","TOLAC_supported_but_TOLAC_fails",191,19,188,107,0.217821782178218,-0.313183949973945,0,0.29023746701847,"NH_NHOPI"
"2024_posthoc_comparative_evaluation","race_neutral_counselling_logistic",0.82,4.55555555555556,0.75049504950495,"support_or_encourage_planned_TOLAC","TOLAC_supported_and_VBAC_occurs","TOLAC_supported_but_TOLAC_fails",180,15,199,111,0.221122112211221,-0.386138613861386,0,0.294635004397537,"NH_NHOPI"
"2024_posthoc_comparative_evaluation","race_neutral_counselling_logistic",0.83,4.88235294117647,0.75049504950495,"support_or_encourage_planned_TOLAC","TOLAC_supported_and_VBAC_occurs","TOLAC_supported_but_TOLAC_fails",164,15,215,111,0.179732090856144,-0.467676179382645,0,0.239484712090641,"NH_NHOPI"
"2024_posthoc_comparative_evaluation","race_neutral_counselling_logistic",0.84,5.25,0.75049504950495,"support_or_encourage_planned_TOLAC","TOLAC_supported_and_VBAC_occurs","TOLAC_supported_but_TOLAC_fails",159,13,220,113,0.17970297029703,-0.55940594059406,0,0.239445910290237,"NH_NHOPI"
"2024_posthoc_comparative_evaluation","race_neutral_counselling_logistic",0.85,5.66666666666667,0.75049504950495,"support_or_encourage_planned_TOLAC","TOLAC_supported_and_VBAC_occurs","TOLAC_supported_but_TOLAC_fails",146,11,233,115,0.165676567656766,-0.663366336633664,0,0.2207563764292,"NH_NHOPI"
"2024_posthoc_comparative_evaluation","race_neutral_counselling_logistic",0.86,6.14285714285715,0.75049504950495,"support_or_encourage_planned_TOLAC","TOLAC_supported_and_VBAC_occurs","TOLAC_supported_but_TOLAC_fails",137,9,242,117,0.161810466760962,-0.782178217821783,0,0.215604975499435,"NH_NHOPI"
"2024_posthoc_comparative_evaluation","race_neutral_counselling_logistic",0.87,6.6923076923077,0.75049504950495,"support_or_encourage_planned_TOLAC","TOLAC_supported_and_VBAC_occurs","TOLAC_supported_but_TOLAC_fails",126,8,253,118,0.143488194973343,-0.919268849961921,0,0.191191394357621,"NH_NHOPI"
"2024_posthoc_comparative_evaluation","race_neutral_counselling_logistic",0.88,7.33333333333334,0.75049504950495,"support_or_encourage_planned_TOLAC","TOLAC_supported_and_VBAC_occurs","TOLAC_supported_but_TOLAC_fails",113,7,266,119,0.122112211221122,-1.07920792079208,0,0.162708883025506,"NH_NHOPI"
"2024_posthoc_comparative_evaluation","race_neutral_counselling_logistic",0.89,8.0909090909091,0.75049504950495,"support_or_encourage_planned_TOLAC","TOLAC_supported_and_VBAC_occurs","TOLAC_supported_but_TOLAC_fails",104,7,275,119,0.0937893789378936,-1.26822682268227,0,0.124970016790597,"NH_NHOPI"
"2024_posthoc_comparative_evaluation","race_neutral_counselling_logistic",0.9,9,0.75049504950495,"support_or_encourage_planned_TOLAC","TOLAC_supported_and_VBAC_occurs","TOLAC_supported_but_TOLAC_fails",95,6,284,120,0.0811881188118812,-1.4950495049505,0,0.108179419525066,"NH_NHOPI"
"2024_posthoc_comparative_evaluation","race_inclusive_counselling_logistic",0.2,0.25,0.75049504950495,"support_or_encourage_planned_TOLAC","TOLAC_supported_and_VBAC_occurs","TOLAC_supported_but_TOLAC_fails",379,126,0,0,0.688118811881188,0.688118811881188,0,0.91688654353562,"NH_NHOPI"
"2024_posthoc_comparative_evaluation","race_inclusive_counselling_logistic",0.21,0.265822784810127,0.75049504950495,"support_or_encourage_planned_TOLAC","TOLAC_supported_and_VBAC_occurs","TOLAC_supported_but_TOLAC_fails",379,126,0,0,0.684170948740444,0.684170948740444,0,0.911626198189773,"NH_NHOPI"
"2024_posthoc_comparative_evaluation","race_inclusive_counselling_logistic",0.22,0.282051282051282,0.75049504950495,"support_or_encourage_planned_TOLAC","TOLAC_supported_and_VBAC_occurs","TOLAC_supported_but_TOLAC_fails",379,126,0,0,0.68012185833968,0.68012185833968,0,0.906230972194033,"NH_NHOPI"
"2024_posthoc_comparative_evaluation","race_inclusive_counselling_logistic",0.23,0.298701298701299,0.75049504950495,"support_or_encourage_planned_TOLAC","TOLAC_supported_and_VBAC_occurs","TOLAC_supported_but_TOLAC_fails",379,126,0,0,0.675967596759676,0.675967596759676,0,0.900695610458144,"NH_NHOPI"
"2024_posthoc_comparative_evaluation","race_inclusive_counselling_logistic",0.24,0.315789473684211,0.75049504950495,"support_or_encourage_planned_TOLAC","TOLAC_supported_and_VBAC_occurs","TOLAC_supported_but_TOLAC_fails",379,126,0,0,0.671704012506514,0.671704012506514,0,0.895014581308152,"NH_NHOPI"
"2024_posthoc_comparative_evaluation","race_inclusive_counselling_logistic",0.25,0.333333333333333,0.75049504950495,"support_or_encourage_planned_TOLAC","TOLAC_supported_and_VBAC_occurs","TOLAC_supported_but_TOLAC_fails",379,126,0,0,0.667326732673267,0.667326732673267,0,0.889182058047494,"NH_NHOPI"
"2024_posthoc_comparative_evaluation","race_inclusive_counselling_logistic",0.26,0.351351351351351,0.75049504950495,"support_or_encourage_planned_TOLAC","TOLAC_supported_and_VBAC_occurs","TOLAC_supported_but_TOLAC_fails",379,126,0,0,0.662831147979663,0.662831147979663,0,0.883191899023034,"NH_NHOPI"
"2024_posthoc_comparative_evaluation","race_inclusive_counselling_logistic",0.27,0.36986301369863,0.75049504950495,"support_or_encourage_planned_TOLAC","TOLAC_supported_and_VBAC_occurs","TOLAC_supported_but_TOLAC_fails",379,126,0,0,0.658212396582124,0.658212396582124,0,0.877037626052698,"NH_NHOPI"
"2024_posthoc_comparative_evaluation","race_inclusive_counselling_logistic",0.28,0.388888888888889,0.75049504950495,"support_or_encourage_planned_TOLAC","TOLAC_supported_and_VBAC_occurs","TOLAC_supported_but_TOLAC_fails",379,126,0,0,0.653465346534653,0.653465346534653,0,0.870712401055409,"NH_NHOPI"
"2024_posthoc_comparative_evaluation","race_inclusive_counselling_logistic",0.29,0.408450704225352,0.75049504950495,"support_or_encourage_planned_TOLAC","TOLAC_supported_and_VBAC_occurs","TOLAC_supported_but_TOLAC_fails",378,126,1,0,0.646604378747734,0.648584576767536,0,0.861570478278643,"NH_NHOPI"
"2024_posthoc_comparative_evaluation","race_inclusive_counselling_logistic",0.3,0.428571428571429,0.75049504950495,"support_or_encourage_planned_TOLAC","TOLAC_supported_and_VBAC_occurs","TOLAC_supported_but_TOLAC_fails",378,126,1,0,0.641584158415842,0.643564356435644,0,0.854881266490765,"NH_NHOPI"
"2024_posthoc_comparative_evaluation","race_inclusive_counselling_logistic",0.31,0.449275362318841,0.75049504950495,"support_or_encourage_planned_TOLAC","TOLAC_supported_and_VBAC_occurs","TOLAC_supported_but_TOLAC_fails",378,126,1,0,0.636418424451141,0.638398622470943,0,0.847998164506137,"NH_NHOPI"
"2024_posthoc_comparative_evaluation","race_inclusive_counselling_logistic",0.32,0.470588235294118,0.75049504950495,"support_or_encourage_planned_TOLAC","TOLAC_supported_and_VBAC_occurs","TOLAC_supported_but_TOLAC_fails",378,125,1,1,0.632032615026208,0.633080955154339,0,0.842154275958404,"NH_NHOPI"
"2024_posthoc_comparative_evaluation","race_inclusive_counselling_logistic",0.33,0.492537313432836,0.75049504950495,"support_or_encourage_planned_TOLAC","TOLAC_supported_and_VBAC_occurs","TOLAC_supported_but_TOLAC_fails",378,124,1,2,0.627574996305601,0.627604551499926,0,0.836214704839916,"NH_NHOPI"
"2024_posthoc_comparative_evaluation","race_inclusive_counselling_logistic",0.34,0.515151515151515,0.75049504950495,"support_or_encourage_planned_TOLAC","TOLAC_supported_and_VBAC_occurs","TOLAC_supported_but_TOLAC_fails",378,124,1,2,0.622022202220222,0.621962196219622,0,0.828815863116655,"NH_NHOPI"
"2024_posthoc_comparative_evaluation","race_inclusive_counselling_logistic",0.35,0.538461538461538,0.75049504950495,"support_or_encourage_planned_TOLAC","TOLAC_supported_and_VBAC_occurs","TOLAC_supported_but_TOLAC_fails",378,123,1,3,0.617364813404417,0.616146230007616,0,0.82261010757053,"NH_NHOPI"
"2024_posthoc_comparative_evaluation","race_inclusive_counselling_logistic",0.36,0.5625,0.75049504950495,"support_or_encourage_planned_TOLAC","TOLAC_supported_and_VBAC_occurs","TOLAC_supported_but_TOLAC_fails",378,123,1,3,0.611509900990099,0.610148514851485,0,0.814808707124011,"NH_NHOPI"
"2024_posthoc_comparative_evaluation","race_inclusive_counselling_logistic",0.37,0.587301587301587,0.75049504950495,"support_or_encourage_planned_TOLAC","TOLAC_supported_and_VBAC_occurs","TOLAC_supported_but_TOLAC_fails",377,123,2,3,0.603488920320604,0.603960396039604,0,0.804121120743812,"NH_NHOPI"
"2024_posthoc_comparative_evaluation","race_inclusive_counselling_logistic",0.38,0.612903225806452,0.75049504950495,"support_or_encourage_planned_TOLAC","TOLAC_supported_and_VBAC_occurs","TOLAC_supported_but_TOLAC_fails",377,123,2,3,0.597253273714468,0.597572660491856,0,0.795812409566772,"NH_NHOPI"
"2024_posthoc_comparative_evaluation","race_inclusive_counselling_logistic",0.39,0.639344262295082,0.75049504950495,"support_or_encourage_planned_TOLAC","TOLAC_supported_and_VBAC_occurs","TOLAC_supported_but_TOLAC_fails",377,123,2,3,0.590813179678624,0.590975490991722,0,0.787231281629828,"NH_NHOPI"
"2024_posthoc_comparative_evaluation","race_inclusive_counselling_logistic",0.4,0.666666666666667,0.75049504950495,"support_or_encourage_planned_TOLAC","TOLAC_supported_and_VBAC_occurs","TOLAC_supported_but_TOLAC_fails",377,122,2,4,0.585478547854785,0.584158415841584,0,0.780123131046614,"NH_NHOPI"
"2024_posthoc_comparative_evaluation","race_inclusive_counselling_logistic",0.41,0.694915254237288,0.75049504950495,"support_or_encourage_planned_TOLAC","TOLAC_supported_and_VBAC_occurs","TOLAC_supported_but_TOLAC_fails",377,122,2,4,0.578654136600101,0.577110253398221,0,0.771029918161084,"NH_NHOPI"
"2024_posthoc_comparative_evaluation","race_inclusive_counselling_logistic",0.42,0.724137931034483,0.75049504950495,"support_or_encourage_planned_TOLAC","TOLAC_supported_and_VBAC_occurs","TOLAC_supported_but_TOLAC_fails",377,122,2,4,0.571594400819392,0.569819050870604,0,0.761623146210536,"NH_NHOPI"
"2024_posthoc_comparative_evaluation","race_inclusive_counselling_logistic",0.43,0.754385964912281,0.75049504950495,"support_or_encourage_planned_TOLAC","TOLAC_supported_and_VBAC_occurs","TOLAC_supported_but_TOLAC_fails",377,122,2,4,0.564286955011291,0.562272016675352,0,0.751886312086284,"NH_NHOPI"
"2024_posthoc_comparative_evaluation","race_inclusive_counselling_logistic",0.44,0.785714285714286,0.75049504950495,"support_or_encourage_planned_TOLAC","TOLAC_supported_and_VBAC_occurs","TOLAC_supported_but_TOLAC_fails",377,122,2,4,0.556718528995757,0.554455445544555,0,0.741801733886167,"NH_NHOPI"
"2024_posthoc_comparative_evaluation","race_inclusive_counselling_logistic",0.45,0.818181818181818,0.75049504950495,"support_or_encourage_planned_TOLAC","TOLAC_supported_and_VBAC_occurs","TOLAC_supported_but_TOLAC_fails",376,122,3,4,0.546894689468947,0.546354635463546,0,0.728711921324059,"NH_NHOPI"
"2024_posthoc_comparative_evaluation","race_inclusive_counselling_logistic",0.46,0.851851851851852,0.75049504950495,"support_or_encourage_planned_TOLAC","TOLAC_supported_and_VBAC_occurs","TOLAC_supported_but_TOLAC_fails",376,120,3,6,0.542134213421342,0.537953795379538,0,0.722368806801524,"NH_NHOPI"
"2024_posthoc_comparative_evaluation","race_inclusive_counselling_logistic",0.47,0.886792452830189,0.75049504950495,"support_or_encourage_planned_TOLAC","TOLAC_supported_and_VBAC_occurs","TOLAC_supported_but_TOLAC_fails",375,119,4,7,0.533607322996451,0.529235942462171,0,0.71100711903221,"NH_NHOPI"
"2024_posthoc_comparative_evaluation","race_inclusive_counselling_logistic",0.48,0.923076923076923,0.75049504950495,"support_or_encourage_planned_TOLAC","TOLAC_supported_and_VBAC_occurs","TOLAC_supported_but_TOLAC_fails",375,118,4,8,0.526884996191927,0.52018278750952,0,0.702049928962858,"NH_NHOPI"
"2024_posthoc_comparative_evaluation","race_inclusive_counselling_logistic",0.49,0.96078431372549,0.75049504950495,"support_or_encourage_planned_TOLAC","TOLAC_supported_and_VBAC_occurs","TOLAC_supported_but_TOLAC_fails",374,118,5,8,0.51609396233741,0.510774606872452,0,0.687671374618449,"NH_NHOPI"
"2024_posthoc_comparative_evaluation","race_inclusive_counselling_logistic",0.5,1,0.75049504950495,"support_or_encourage_planned_TOLAC","TOLAC_supported_and_VBAC_occurs","TOLAC_supported_but_TOLAC_fails",374,116,5,10,0.510891089108911,0.500990099009901,0,0.680738786279683,"NH_NHOPI"
"2024_posthoc_comparative_evaluation","race_inclusive_counselling_logistic",0.51,1.04081632653061,0.75049504950495,"support_or_encourage_planned_TOLAC","TOLAC_supported_and_VBAC_occurs","TOLAC_supported_but_TOLAC_fails",372,115,7,11,0.499616084057385,0.490806223479491,0,0.665715362662215,"NH_NHOPI"
"2024_posthoc_comparative_evaluation","race_inclusive_counselling_logistic",0.52,1.08333333333333,0.75049504950495,"support_or_encourage_planned_TOLAC","TOLAC_supported_and_VBAC_occurs","TOLAC_supported_but_TOLAC_fails",370,113,9,13,0.49026402640264,0.48019801980198,0,0.65325417766051,"NH_NHOPI"
"2024_posthoc_comparative_evaluation","race_inclusive_counselling_logistic",0.53,1.12765957446809,0.75049504950495,"support_or_encourage_planned_TOLAC","TOLAC_supported_and_VBAC_occurs","TOLAC_supported_but_TOLAC_fails",368,111,11,15,0.480851063829787,0.469138403202022,0,0.640711839667658,"NH_NHOPI"
"2024_posthoc_comparative_evaluation","race_inclusive_counselling_logistic",0.54,1.17391304347826,0.75049504950495,"support_or_encourage_planned_TOLAC","TOLAC_supported_and_VBAC_occurs","TOLAC_supported_but_TOLAC_fails",365,108,14,18,0.471717606543263,0.457597933706414,0,0.628541929562923,"NH_NHOPI"
"2024_posthoc_comparative_evaluation","race_inclusive_counselling_logistic",0.55,1.22222222222222,0.75049504950495,"support_or_encourage_planned_TOLAC","TOLAC_supported_and_VBAC_occurs","TOLAC_supported_but_TOLAC_fails",362,108,17,18,0.455445544554455,0.445544554455445,0,0.606860158311346,"NH_NHOPI"
"2024_posthoc_comparative_evaluation","race_inclusive_counselling_logistic",0.56,1.27272727272727,0.75049504950495,"support_or_encourage_planned_TOLAC","TOLAC_supported_and_VBAC_occurs","TOLAC_supported_but_TOLAC_fails",361,108,18,18,0.442664266426643,0.432943294329433,0,0.589829695370592,"NH_NHOPI"
"2024_posthoc_comparative_evaluation","race_inclusive_counselling_logistic",0.57,1.32558139534884,0.75049504950495,"support_or_encourage_planned_TOLAC","TOLAC_supported_and_VBAC_occurs","TOLAC_supported_but_TOLAC_fails",359,105,20,21,0.435275155422519,0.41975592908128,0,0.579984046143462,"NH_NHOPI"
"2024_posthoc_comparative_evaluation","race_inclusive_counselling_logistic",0.58,1.38095238095238,0.75049504950495,"support_or_encourage_planned_TOLAC","TOLAC_supported_and_VBAC_occurs","TOLAC_supported_but_TOLAC_fails",358,104,21,22,0.424516737388024,0.405940594059406,0,0.565648950873225,"NH_NHOPI"
"2024_posthoc_comparative_evaluation","race_inclusive_counselling_logistic",0.59,1.4390243902439,0.75049504950495,"support_or_encourage_planned_TOLAC","TOLAC_supported_and_VBAC_occurs","TOLAC_supported_but_TOLAC_fails",357,104,22,22,0.410577155276503,0.391451340255977,0,0.547075101357874,"NH_NHOPI"
"2024_posthoc_comparative_evaluation","race_inclusive_counselling_logistic",0.6,1.5,0.75049504950495,"support_or_encourage_planned_TOLAC","TOLAC_supported_and_VBAC_occurs","TOLAC_supported_but_TOLAC_fails",354,103,25,23,0.395049504950495,0.376237623762376,0,0.526385224274406,"NH_NHOPI"
"2024_posthoc_comparative_evaluation","race_inclusive_counselling_logistic",0.61,1.56410256410256,0.75049504950495,"support_or_encourage_planned_TOLAC","TOLAC_supported_and_VBAC_occurs","TOLAC_supported_but_TOLAC_fails",351,99,28,27,0.388423457730388,0.36024371667936,0,0.517556322305662,"NH_NHOPI"
"2024_posthoc_comparative_evaluation","race_inclusive_counselling_logistic",0.62,1.63157894736842,0.75049504950495,"support_or_encourage_planned_TOLAC","TOLAC_supported_and_VBAC_occurs","TOLAC_supported_but_TOLAC_fails",349,93,30,33,0.390620114643043,0.343408025013028,0,0.520483266213026,"NH_NHOPI"
"2024_posthoc_comparative_evaluation","race_inclusive_counselling_logistic",0.63,1.7027027027027,0.75049504950495,"support_or_encourage_planned_TOLAC","TOLAC_supported_and_VBAC_occurs","TOLAC_supported_but_TOLAC_fails",341,83,38,43,0.395397377575595,0.325662295959326,0,0.526848748484632,"NH_NHOPI"
"2024_posthoc_comparative_evaluation","race_inclusive_counselling_logistic",0.64,1.77777777777778,0.75049504950495,"support_or_encourage_planned_TOLAC","TOLAC_supported_and_VBAC_occurs","TOLAC_supported_but_TOLAC_fails",337,79,42,47,0.389218921892189,0.306930693069307,0,0.518616241571387,"NH_NHOPI"
"2024_posthoc_comparative_evaluation","race_inclusive_counselling_logistic",0.65,1.85714285714286,0.75049504950495,"support_or_encourage_planned_TOLAC","TOLAC_supported_and_VBAC_occurs","TOLAC_supported_but_TOLAC_fails",331,76,48,50,0.375954738330976,0.287128712871287,0,0.500942329438372,"NH_NHOPI"
"2024_posthoc_comparative_evaluation","race_inclusive_counselling_logistic",0.66,1.94117647058824,0.75049504950495,"support_or_encourage_planned_TOLAC","TOLAC_supported_and_VBAC_occurs","TOLAC_supported_but_TOLAC_fails",325,71,54,55,0.370646476412347,0.266161910308678,0,0.493869315536241,"NH_NHOPI"
"2024_posthoc_comparative_evaluation","race_inclusive_counselling_logistic",0.67,2.03030303030303,0.75049504950495,"support_or_encourage_planned_TOLAC","TOLAC_supported_and_VBAC_occurs","TOLAC_supported_but_TOLAC_fails",318,70,61,56,0.348274827482748,0.243924392439244,0,0.464060126329255,"NH_NHOPI"
"2024_posthoc_comparative_evaluation","race_inclusive_counselling_logistic",0.68,2.125,0.75049504950495,"support_or_encourage_planned_TOLAC","TOLAC_supported_and_VBAC_occurs","TOLAC_supported_but_TOLAC_fails",312,66,67,60,0.34009900990099,0.22029702970297,0,0.453166226912929,"NH_NHOPI"
"2024_posthoc_comparative_evaluation","race_inclusive_counselling_logistic",0.69,2.2258064516129,0.75049504950495,"support_or_encourage_planned_TOLAC","TOLAC_supported_and_VBAC_occurs","TOLAC_supported_but_TOLAC_fails",306,58,73,68,0.350303417438518,0.195145320983711,0,0.466763128776917,"NH_NHOPI"
"2024_posthoc_comparative_evaluation","race_inclusive_counselling_logistic",0.7,2.33333333333333,0.75049504950495,"support_or_encourage_planned_TOLAC","TOLAC_supported_and_VBAC_occurs","TOLAC_supported_but_TOLAC_fails",300,57,79,69,0.330693069306931,0.168316831683168,0,0.440633245382586,"NH_NHOPI"
"2024_posthoc_comparative_evaluation","race_inclusive_counselling_logistic",0.71,2.44827586206897,0.75049504950495,"support_or_encourage_planned_TOLAC","TOLAC_supported_and_VBAC_occurs","TOLAC_supported_but_TOLAC_fails",291,53,88,73,0.319289860020485,0.139638101741209,0,0.425438995541807,"NH_NHOPI"
"2024_posthoc_comparative_evaluation","race_inclusive_counselling_logistic",0.72,2.57142857142857,0.75049504950495,"support_or_encourage_planned_TOLAC","TOLAC_supported_and_VBAC_occurs","TOLAC_supported_but_TOLAC_fails",283,49,96,77,0.310891089108911,0.108910891089109,0,0.414248021108179,"NH_NHOPI"
"2024_posthoc_comparative_evaluation","race_inclusive_counselling_logistic",0.73,2.7037037037037,0.75049504950495,"support_or_encourage_planned_TOLAC","TOLAC_supported_and_VBAC_occurs","TOLAC_supported_but_TOLAC_fails",268,48,111,78,0.273707370737074,0.075907590759076,0,0.364702433304017,"NH_NHOPI"
"2024_posthoc_comparative_evaluation","race_inclusive_counselling_logistic",0.74,2.84615384615385,0.75049504950495,"support_or_encourage_planned_TOLAC","TOLAC_supported_and_VBAC_occurs","TOLAC_supported_but_TOLAC_fails",259,45,120,81,0.259253617669459,0.0403655750190405,0,0.345443474731074,"NH_NHOPI"
"2024_posthoc_comparative_evaluation","race_inclusive_counselling_logistic",0.75,3,0.75049504950495,"support_or_encourage_planned_TOLAC","TOLAC_supported_and_VBAC_occurs","TOLAC_supported_but_TOLAC_fails",248,41,131,85,0.247524752475248,0.00198019801980198,0,0.329815303430079,"NH_NHOPI"
"2024_posthoc_comparative_evaluation","race_inclusive_counselling_logistic",0.76,3.16666666666667,0.75049504950495,"support_or_encourage_planned_TOLAC","TOLAC_supported_and_VBAC_occurs","TOLAC_supported_but_TOLAC_fails",238,41,141,85,0.214191419141914,-0.0396039603960396,0,0.285400175901495,"NH_NHOPI"
"2024_posthoc_comparative_evaluation","race_inclusive_counselling_logistic",0.77,3.34782608695652,0.75049504950495,"support_or_encourage_planned_TOLAC","TOLAC_supported_and_VBAC_occurs","TOLAC_supported_but_TOLAC_fails",231,33,148,93,0.238656909169178,-0.0848041325871718,0,0.317999311689802,"NH_NHOPI"
"2024_posthoc_comparative_evaluation","race_inclusive_counselling_logistic",0.78,3.54545454545455,0.75049504950495,"support_or_encourage_planned_TOLAC","TOLAC_supported_and_VBAC_occurs","TOLAC_supported_but_TOLAC_fails",220,31,159,95,0.218001800180018,-0.134113411341134,0,0.290477332693691,"NH_NHOPI"
"2024_posthoc_comparative_evaluation","race_inclusive_counselling_logistic",0.79,3.76190476190476,0.75049504950495,"support_or_encourage_planned_TOLAC","TOLAC_supported_and_VBAC_occurs","TOLAC_supported_but_TOLAC_fails",206,26,173,100,0.214238566713814,-0.188118811881188,0,0.285462997864053,"NH_NHOPI"
"2024_posthoc_comparative_evaluation","race_inclusive_counselling_logistic",0.8,4,0.75049504950495,"support_or_encourage_planned_TOLAC","TOLAC_supported_and_VBAC_occurs","TOLAC_supported_but_TOLAC_fails",202,24,177,102,0.20990099009901,-0.247524752475248,0,0.279683377308707,"NH_NHOPI"
"2024_posthoc_comparative_evaluation","race_inclusive_counselling_logistic",0.81,4.26315789473684,0.75049504950495,"support_or_encourage_planned_TOLAC","TOLAC_supported_and_VBAC_occurs","TOLAC_supported_but_TOLAC_fails",199,22,180,104,0.20833767587285,-0.313183949973945,0,0.277600333287043,"NH_NHOPI"
"2024_posthoc_comparative_evaluation","race_inclusive_counselling_logistic",0.82,4.55555555555556,0.75049504950495,"support_or_encourage_planned_TOLAC","TOLAC_supported_and_VBAC_occurs","TOLAC_supported_but_TOLAC_fails",185,18,194,108,0.203960396039604,-0.386138613861386,0,0.271767810026385,"NH_NHOPI"
"2024_posthoc_comparative_evaluation","race_inclusive_counselling_logistic",0.83,4.88235294117647,0.75049504950495,"support_or_encourage_planned_TOLAC","TOLAC_supported_and_VBAC_occurs","TOLAC_supported_but_TOLAC_fails",175,15,204,111,0.201514269073966,-0.467676179382645,0,0.268508458792488,"NH_NHOPI"
"2024_posthoc_comparative_evaluation","race_inclusive_counselling_logistic",0.84,5.25,0.75049504950495,"support_or_encourage_planned_TOLAC","TOLAC_supported_and_VBAC_occurs","TOLAC_supported_but_TOLAC_fails",164,13,215,113,0.18960396039604,-0.55940594059406,0,0.252638522427441,"NH_NHOPI"
"2024_posthoc_comparative_evaluation","race_inclusive_counselling_logistic",0.85,5.66666666666667,0.75049504950495,"support_or_encourage_planned_TOLAC","TOLAC_supported_and_VBAC_occurs","TOLAC_supported_but_TOLAC_fails",153,13,226,113,0.157095709570957,-0.663366336633664,0,0.209322779243623,"NH_NHOPI"
"2024_posthoc_comparative_evaluation","race_inclusive_counselling_logistic",0.86,6.14285714285715,0.75049504950495,"support_or_encourage_planned_TOLAC","TOLAC_supported_and_VBAC_occurs","TOLAC_supported_but_TOLAC_fails",142,10,237,116,0.159547383309759,-0.782178217821783,0,0.212589521296645,"NH_NHOPI"
"2024_posthoc_comparative_evaluation","race_inclusive_counselling_logistic",0.87,6.6923076923077,0.75049504950495,"support_or_encourage_planned_TOLAC","TOLAC_supported_and_VBAC_occurs","TOLAC_supported_but_TOLAC_fails",133,9,246,117,0.144097486671744,-0.919268849961921,0,0.192003247412218,"NH_NHOPI"
"2024_posthoc_comparative_evaluation","race_inclusive_counselling_logistic",0.88,7.33333333333334,0.75049504950495,"support_or_encourage_planned_TOLAC","TOLAC_supported_and_VBAC_occurs","TOLAC_supported_but_TOLAC_fails",120,8,259,118,0.121452145214521,-1.07920792079208,0,0.161829375549692,"NH_NHOPI"
"2024_posthoc_comparative_evaluation","race_inclusive_counselling_logistic",0.89,8.0909090909091,0.75049504950495,"support_or_encourage_planned_TOLAC","TOLAC_supported_and_VBAC_occurs","TOLAC_supported_but_TOLAC_fails",108,7,271,119,0.101710171017102,-1.26822682268227,0,0.13552410650036,"NH_NHOPI"
"2024_posthoc_comparative_evaluation","race_inclusive_counselling_logistic",0.9,9,0.75049504950495,"support_or_encourage_planned_TOLAC","TOLAC_supported_and_VBAC_occurs","TOLAC_supported_but_TOLAC_fails",101,7,278,119,0.0752475247524752,-1.4950495049505,0,0.100263852242744,"NH_NHOPI"
"2024_posthoc_comparative_evaluation","race_neutral_counselling_logistic",0.2,0.25,0.781089148471103,"support_or_encourage_planned_TOLAC","TOLAC_supported_and_VBAC_occurs","TOLAC_supported_but_TOLAC_fails",33233,9313,0,1,0.726367311443815,0.726361435588878,0,0.92994162428911,"NH_White"
"2024_posthoc_comparative_evaluation","race_neutral_counselling_logistic",0.21,0.265822784810127,0.781089148471103,"support_or_encourage_planned_TOLAC","TOLAC_supported_and_VBAC_occurs","TOLAC_supported_but_TOLAC_fails",33232,9312,1,2,0.722886648361767,0.722897656292535,0,0.925485458064216,"NH_White"
"2024_posthoc_comparative_evaluation","race_neutral_counselling_logistic",0.22,0.282051282051282,0.781089148471103,"support_or_encourage_planned_TOLAC","TOLAC_supported_and_VBAC_occurs","TOLAC_supported_but_TOLAC_fails",33232,9311,1,3,0.719341446231709,0.719345062142439,0,0.920946664845801,"NH_White"
"2024_posthoc_comparative_evaluation","race_neutral_counselling_logistic",0.23,0.298701298701299,0.781089148471103,"support_or_encourage_planned_TOLAC","TOLAC_supported_and_VBAC_occurs","TOLAC_supported_but_TOLAC_fails",33232,9307,1,7,0.715725832913884,0.715700192819614,0,0.916317726747119,"NH_White"
"2024_posthoc_comparative_evaluation","race_neutral_counselling_logistic",0.24,0.315789473684211,0.781089148471103,"support_or_encourage_planned_TOLAC","TOLAC_supported_and_VBAC_occurs","TOLAC_supported_but_TOLAC_fails",33232,9305,1,9,0.712002701656249,0.71195940588303,0,0.911551137344459,"NH_White"
"2024_posthoc_comparative_evaluation","race_neutral_counselling_logistic",0.25,0.333333333333333,0.781089148471103,"support_or_encourage_planned_TOLAC","TOLAC_supported_and_VBAC_occurs","TOLAC_supported_but_TOLAC_fails",33230,9303,3,11,0.708134533574635,0.708118864628137,0,0.906598862576355,"NH_White"
"2024_posthoc_comparative_evaluation","race_neutral_counselling_logistic",0.26,0.351351351351351,0.781089148471103,"support_or_encourage_planned_TOLAC","TOLAC_supported_and_VBAC_occurs","TOLAC_supported_but_TOLAC_fails",33228,9300,5,14,0.704172619278267,0.704174524960949,0,0.90152656794248,"NH_White"
"2024_posthoc_comparative_evaluation","race_neutral_counselling_logistic",0.27,0.36986301369863,0.781089148471103,"support_or_encourage_planned_TOLAC","TOLAC_supported_and_VBAC_occurs","TOLAC_supported_but_TOLAC_fails",33225,9298,8,16,0.700073182565871,0.700122121193291,0,0.896278208366086,"NH_White"
"2024_posthoc_comparative_evaluation","race_neutral_counselling_logistic",0.28,0.388888888888889,0.781089148471103,"support_or_encourage_planned_TOLAC","TOLAC_supported_and_VBAC_occurs","TOLAC_supported_but_TOLAC_fails",33222,9294,11,20,0.6958814174129,0.695957150654309,0,0.890911644048586,"NH_White"
"2024_posthoc_comparative_evaluation","race_neutral_counselling_logistic",0.29,0.408450704225352,0.781089148471103,"support_or_encourage_planned_TOLAC","TOLAC_supported_and_VBAC_occurs","TOLAC_supported_but_TOLAC_fails",33221,9288,12,26,0.69164241566162,0.691674857001553,0,0.885484604433994,"NH_White"
"2024_posthoc_comparative_evaluation","race_neutral_counselling_logistic",0.3,0.428571428571429,0.781089148471103,"support_or_encourage_planned_TOLAC","TOLAC_supported_and_VBAC_occurs","TOLAC_supported_but_TOLAC_fails",33219,9283,14,31,0.687253423944613,0.687270212101575,0,0.879865538126905,"NH_White"
"2024_posthoc_comparative_evaluation","race_neutral_counselling_logistic",0.31,0.449275362318841,0.781089148471103,"support_or_encourage_planned_TOLAC","TOLAC_supported_and_VBAC_occurs","TOLAC_supported_but_TOLAC_fails",33215,9273,18,41,0.682747774583811,0.682737896334931,0,0.874097119285571,"NH_White"
"2024_posthoc_comparative_evaluation","race_neutral_counselling_logistic",0.32,0.470588235294118,0.781089148471103,"support_or_encourage_planned_TOLAC","TOLAC_supported_and_VBAC_occurs","TOLAC_supported_but_TOLAC_fails",33209,9265,24,49,0.678050156297741,0.678072277163386,0,0.868082929618151,"NH_White"
"2024_posthoc_comparative_evaluation","race_neutral_counselling_logistic",0.33,0.492537313432836,0.781089148471103,"support_or_encourage_planned_TOLAC","TOLAC_supported_and_VBAC_occurs","TOLAC_supported_but_TOLAC_fails",33207,9257,26,57,0.673316146603808,0.673267385777765,0,0.862022149356129,"NH_White"
"2024_posthoc_comparative_evaluation","race_neutral_counselling_logistic",0.34,0.515151515151515,0.781089148471103,"support_or_encourage_planned_TOLAC","TOLAC_supported_and_VBAC_occurs","TOLAC_supported_but_TOLAC_fails",33200,9250,33,64,0.668316179398042,0.668316891622883,0,0.855620873374311,"NH_White"
"2024_posthoc_comparative_evaluation","race_neutral_counselling_logistic",0.35,0.538461538461538,0.781089148471103,"support_or_encourage_planned_TOLAC","TOLAC_supported_and_VBAC_occurs","TOLAC_supported_but_TOLAC_fails",33197,9239,36,75,0.663317128026743,0.663214074570927,0,0.84922076990202,"NH_White"
"2024_posthoc_comparative_evaluation","race_neutral_counselling_logistic",0.36,0.5625,0.781089148471103,"support_or_encourage_planned_TOLAC","TOLAC_supported_and_VBAC_occurs","TOLAC_supported_but_TOLAC_fails",33192,9229,41,85,0.658111911533128,0.657951794486098,0,0.842556720729395,"NH_White"
"2024_posthoc_comparative_evaluation","race_neutral_counselling_logistic",0.37,0.587301587301587,0.781089148471103,"support_or_encourage_planned_TOLAC","TOLAC_supported_and_VBAC_occurs","TOLAC_supported_but_TOLAC_fails",33183,9218,50,96,0.652672432092838,0.652522457890639,0,0.835592753234856,"NH_White"
"2024_posthoc_comparative_evaluation","race_neutral_counselling_logistic",0.38,0.612903225806452,0.781089148471103,"support_or_encourage_planned_TOLAC","TOLAC_supported_and_VBAC_occurs","TOLAC_supported_but_TOLAC_fails",33176,9202,57,112,0.647191682518839,0.646917981405004,0,0.828575949090634,"NH_White"
"2024_posthoc_comparative_evaluation","race_neutral_counselling_logistic",0.39,0.639344262295082,0.781089148471103,"support_or_encourage_planned_TOLAC","TOLAC_supported_and_VBAC_occurs","TOLAC_supported_but_TOLAC_fails",33171,9178,62,136,0.641716181179771,0.641129751591971,0,0.821565864070524,"NH_White"
"2024_posthoc_comparative_evaluation","race_neutral_counselling_logistic",0.4,0.666666666666667,0.781089148471103,"support_or_encourage_planned_TOLAC","TOLAC_supported_and_VBAC_occurs","TOLAC_supported_but_TOLAC_fails",33152,9155,81,159,0.63573616627886,0.635148580785171,0,0.813909868704801,"NH_White"
"2024_posthoc_comparative_evaluation","race_neutral_counselling_logistic",0.41,0.694915254237288,0.781089148471103,"support_or_encourage_planned_TOLAC","TOLAC_supported_and_VBAC_occurs","TOLAC_supported_but_TOLAC_fails",33136,9127,97,187,0.629739076188128,0.628964658425598,0,0.8062320125952,"NH_White"
"2024_posthoc_comparative_evaluation","race_neutral_counselling_logistic",0.42,0.724137931034483,0.781089148471103,"support_or_encourage_planned_TOLAC","TOLAC_supported_and_VBAC_occurs","TOLAC_supported_but_TOLAC_fails",33115,9103,118,211,0.623385254278636,0.62256749736397,0,0.798097445725427,"NH_White"
"2024_posthoc_comparative_evaluation","race_neutral_counselling_logistic",0.43,0.754385964912281,0.781089148471103,"support_or_encourage_planned_TOLAC","TOLAC_supported_and_VBAC_occurs","TOLAC_supported_but_TOLAC_fails",33093,9071,140,243,0.616963943692404,0.615945874510706,0,0.789876475559856,"NH_White"
"2024_posthoc_comparative_evaluation","race_neutral_counselling_logistic",0.44,0.785714285714286,0.781089148471103,"support_or_encourage_planned_TOLAC","TOLAC_supported_and_VBAC_occurs","TOLAC_supported_but_TOLAC_fails",33073,9042,160,272,0.610350234530553,0.609087765126969,0,0.781409184502495,"NH_White"
"2024_posthoc_comparative_evaluation","race_neutral_counselling_logistic",0.45,0.818181818181818,0.781089148471103,"support_or_encourage_planned_TOLAC","TOLAC_supported_and_VBAC_occurs","TOLAC_supported_but_TOLAC_fails",33045,9003,188,311,0.603542179023412,0.601980269947459,0,0.772693078894746,"NH_White"
"2024_posthoc_comparative_evaluation","race_neutral_counselling_logistic",0.46,0.851851851851852,0.781089148471103,"support_or_encourage_planned_TOLAC","TOLAC_supported_and_VBAC_occurs","TOLAC_supported_but_TOLAC_fails",33015,8965,218,349,0.596473268342025,0.594609534205745,0,0.763643009904256,"NH_White"
"2024_posthoc_comparative_evaluation","race_neutral_counselling_logistic",0.47,0.886792452830189,0.781089148471103,"support_or_encourage_planned_TOLAC","TOLAC_supported_and_VBAC_occurs","TOLAC_supported_but_TOLAC_fails",32976,8922,257,392,0.589090599474676,0.586960657492646,0,0.754191247731143,"NH_White"
"2024_posthoc_comparative_evaluation","race_neutral_counselling_logistic",0.48,0.923076923076923,0.781089148471103,"support_or_encourage_planned_TOLAC","TOLAC_supported_and_VBAC_occurs","TOLAC_supported_but_TOLAC_fails",32935,8873,298,441,0.581581273921509,0.579017593213659,0,0.744577331614313,"NH_White"
"2024_posthoc_comparative_evaluation","race_neutral_counselling_logistic",0.49,0.96078431372549,0.781089148471103,"support_or_encourage_planned_TOLAC","TOLAC_supported_and_VBAC_occurs","TOLAC_supported_but_TOLAC_fails",32880,8808,353,506,0.573892677855216,0.570763036217848,0,0.734733901986155,"NH_White"
"2024_posthoc_comparative_evaluation","race_neutral_counselling_logistic",0.5,1,0.781089148471103,"support_or_encourage_planned_TOLAC","TOLAC_supported_and_VBAC_occurs","TOLAC_supported_but_TOLAC_fails",32818,8754,415,560,0.565586292805603,0.562178296942205,0,0.724099539614239,"NH_White"
"2024_posthoc_comparative_evaluation","race_neutral_counselling_logistic",0.51,1.04081632653061,0.781089148471103,"support_or_encourage_planned_TOLAC","TOLAC_supported_and_VBAC_occurs","TOLAC_supported_but_TOLAC_fails",32752,8676,481,638,0.557545245282168,0.553243160145107,0,0.713804879217055,"NH_White"
"2024_posthoc_comparative_evaluation","race_neutral_counselling_logistic",0.52,1.08333333333333,0.781089148471103,"support_or_encourage_planned_TOLAC","TOLAC_supported_and_VBAC_occurs","TOLAC_supported_but_TOLAC_fails",32674,8591,559,723,0.549206367859857,0.543935725981464,0,0.70312891804331,"NH_White"
"2024_posthoc_comparative_evaluation","race_neutral_counselling_logistic",0.53,1.12765957446809,0.781089148471103,"support_or_encourage_planned_TOLAC","TOLAC_supported_and_VBAC_occurs","TOLAC_supported_but_TOLAC_fails",32574,8493,659,821,0.540503143207337,0.53423223078958,0,0.691986496375366,"NH_White"
"2024_posthoc_comparative_evaluation","race_neutral_counselling_logistic",0.54,1.17391304347826,0.781089148471103,"support_or_encourage_planned_TOLAC","TOLAC_supported_and_VBAC_occurs","TOLAC_supported_but_TOLAC_fails",32444,8393,789,921,0.530973930619949,0.524106844502397,0,0.67978659242581,"NH_White"
"2024_posthoc_comparative_evaluation","race_neutral_counselling_logistic",0.55,1.22222222222222,0.781089148471103,"support_or_encourage_planned_TOLAC","TOLAC_supported_and_VBAC_occurs","TOLAC_supported_but_TOLAC_fails",32319,8281,914,1033,0.521723688574465,0.513531441046895,0,0.66794384430469,"NH_White"
"2024_posthoc_comparative_evaluation","race_neutral_counselling_logistic",0.56,1.27272727272727,0.781089148471103,"support_or_encourage_planned_TOLAC","TOLAC_supported_and_VBAC_occurs","TOLAC_supported_but_TOLAC_fails",32151,8153,1082,1161,0.511774144956273,0.502475337434324,0,0.655205805839212,"NH_White"
"2024_posthoc_comparative_evaluation","race_neutral_counselling_logistic",0.57,1.32558139534884,0.781089148471103,"support_or_encourage_planned_TOLAC","TOLAC_supported_and_VBAC_occurs","TOLAC_supported_but_TOLAC_fails",31959,7998,1274,1316,0.501962535548922,0.490904996444424,0,0.642644359522162,"NH_White"
"2024_posthoc_comparative_evaluation","race_neutral_counselling_logistic",0.58,1.38095238095238,0.781089148471103,"support_or_encourage_planned_TOLAC","TOLAC_supported_and_VBAC_occurs","TOLAC_supported_but_TOLAC_fails",31768,7841,1465,1473,0.49216049030372,0.478783686835958,0,0.630095157853711,"NH_White"
"2024_posthoc_comparative_evaluation","race_neutral_counselling_logistic",0.59,1.4390243902439,0.781089148471103,"support_or_encourage_planned_TOLAC","TOLAC_supported_and_VBAC_occurs","TOLAC_supported_but_TOLAC_fails",31561,7686,1672,1628,0.481835582687037,0.466071093831957,0,0.616876554526686,"NH_White"
"2024_posthoc_comparative_evaluation","race_neutral_counselling_logistic",0.6,1.5,0.781089148471103,"support_or_encourage_planned_TOLAC","TOLAC_supported_and_VBAC_occurs","TOLAC_supported_but_TOLAC_fails",31281,7462,1952,1852,0.472136695889252,0.452722871177756,0,0.604459422862817,"NH_White"
"2024_posthoc_comparative_evaluation","race_neutral_counselling_logistic",0.61,1.56410256410256,0.781089148471103,"support_or_encourage_planned_TOLAC","TOLAC_supported_and_VBAC_occurs","TOLAC_supported_but_TOLAC_fails",30992,7245,2241,2069,0.462079040192656,0.438690124284878,0,0.59158297243935,"NH_White"
"2024_posthoc_comparative_evaluation","race_neutral_counselling_logistic",0.62,1.63157894736842,0.781089148471103,"support_or_encourage_planned_TOLAC","TOLAC_supported_and_VBAC_occurs","TOLAC_supported_but_TOLAC_fails",30627,6993,2606,2321,0.451673876443759,0.423918811766059,0,0.578261620108104,"NH_White"
"2024_posthoc_comparative_evaluation","race_neutral_counselling_logistic",0.63,1.7027027027027,0.781089148471103,"support_or_encourage_planned_TOLAC","TOLAC_supported_and_VBAC_occurs","TOLAC_supported_but_TOLAC_fails",30206,6700,3027,2614,0.441814743504639,0.408349049921899,0,0.565639331143499,"NH_White"
"2024_posthoc_comparative_evaluation","race_neutral_counselling_logistic",0.64,1.77777777777778,0.781089148471103,"support_or_encourage_planned_TOLAC","TOLAC_supported_and_VBAC_occurs","TOLAC_supported_but_TOLAC_fails",29731,6430,3502,2884,0.430109969889508,0.391914301308618,0,0.550654135614867,"NH_White"
"2024_posthoc_comparative_evaluation","race_neutral_counselling_logistic",0.65,1.85714285714286,0.781089148471103,"support_or_encourage_planned_TOLAC","TOLAC_supported_and_VBAC_occurs","TOLAC_supported_but_TOLAC_fails",29168,6144,4065,3170,0.417367012614621,0.37454042420315,0,0.534339791343372,"NH_White"
"2024_posthoc_comparative_evaluation","race_neutral_counselling_logistic",0.66,1.94117647058824,0.781089148471103,"support_or_encourage_planned_TOLAC","TOLAC_supported_and_VBAC_occurs","TOLAC_supported_but_TOLAC_fails",28571,5794,4662,3520,0.407169096044651,0.356144554326772,0,0.521283770030144,"NH_White"
"2024_posthoc_comparative_evaluation","race_neutral_counselling_logistic",0.67,2.03030303030303,0.781089148471103,"support_or_encourage_planned_TOLAC","TOLAC_supported_and_VBAC_occurs","TOLAC_supported_but_TOLAC_fails",27875,5416,5358,3898,0.396711373019926,0.336633783245765,0,0.507895127971558,"NH_White"
"2024_posthoc_comparative_evaluation","race_neutral_counselling_logistic",0.68,2.125,0.781089148471103,"support_or_encourage_planned_TOLAC","TOLAC_supported_and_VBAC_occurs","TOLAC_supported_but_TOLAC_fails",27128,5035,6105,4279,0.386128869250476,0.315903588972196,0,0.494346733668342,"NH_White"
"2024_posthoc_comparative_evaluation","race_neutral_counselling_logistic",0.69,2.2258064516129,0.781089148471103,"support_or_encourage_planned_TOLAC","TOLAC_supported_and_VBAC_occurs","TOLAC_supported_but_TOLAC_fails",26317,4629,6916,4685,0.376377698438994,0.293835962810008,0,0.481862664685219,"NH_White"
"2024_posthoc_comparative_evaluation","race_neutral_counselling_logistic",0.7,2.33333333333333,0.781089148471103,"support_or_encourage_planned_TOLAC","TOLAC_supported_and_VBAC_occurs","TOLAC_supported_but_TOLAC_fails",25415,4256,7818,5058,0.363934785844674,0.270297161570342,0,0.465932456694651,"NH_White"
"2024_posthoc_comparative_evaluation","race_neutral_counselling_logistic",0.71,2.44827586206897,0.781089148471103,"support_or_encourage_planned_TOLAC","TOLAC_supported_and_VBAC_occurs","TOLAC_supported_but_TOLAC_fails",24509,3882,8724,5432,0.352663950535837,0.24513499472794,0,0.451502816581358,"NH_White"
"2024_posthoc_comparative_evaluation","race_neutral_counselling_logistic",0.72,2.57142857142857,0.781089148471103,"support_or_encourage_planned_TOLAC","TOLAC_supported_and_VBAC_occurs","TOLAC_supported_but_TOLAC_fails",23553,3490,9680,5824,0.342649641237086,0.218175530253938,0,0.438681860972957,"NH_White"
"2024_posthoc_comparative_evaluation","race_neutral_counselling_logistic",0.73,2.7037037037037,0.781089148471103,"support_or_encourage_planned_TOLAC","TOLAC_supported_and_VBAC_occurs","TOLAC_supported_but_TOLAC_fails",22504,3123,10729,6191,0.330465916124129,0.189219068411491,0,0.423083481278649,"NH_White"
"2024_posthoc_comparative_evaluation","race_neutral_counselling_logistic",0.74,2.84615384615385,0.781089148471103,"support_or_encourage_planned_TOLAC","TOLAC_supported_and_VBAC_occurs","TOLAC_supported_but_TOLAC_fails",21432,2785,11801,6529,0.317424531423168,0.158035186427318,0,0.406387071238273,"NH_White"
"2024_posthoc_comparative_evaluation","race_neutral_counselling_logistic",0.75,3,0.781089148471103,"support_or_encourage_planned_TOLAC","TOLAC_supported_and_VBAC_occurs","TOLAC_supported_but_TOLAC_fails",20289,2473,12944,6841,0.302489012151268,0.12435659388441,0,0.387265669665694,"NH_White"
"2024_posthoc_comparative_evaluation","race_neutral_counselling_logistic",0.76,3.16666666666667,0.781089148471103,"support_or_encourage_planned_TOLAC","TOLAC_supported_and_VBAC_occurs","TOLAC_supported_but_TOLAC_fails",19131,2154,14102,7160,0.289327097092627,0.0878714519629272,0,0.370414948996479,"NH_White"
"2024_posthoc_comparative_evaluation","race_neutral_counselling_logistic",0.77,3.34782608695652,0.781089148471103,"support_or_encourage_planned_TOLAC","TOLAC_supported_and_VBAC_occurs","TOLAC_supported_but_TOLAC_fails",17986,1895,15247,7419,0.273623747037803,0.0482136890047937,0,0.350310521626618,"NH_White"
"2024_posthoc_comparative_evaluation","race_neutral_counselling_logistic",0.78,3.54545454545455,0.781089148471103,"support_or_encourage_planned_TOLAC","TOLAC_supported_and_VBAC_occurs","TOLAC_supported_but_TOLAC_fails",16866,1673,16367,7641,0.256997074892579,0.00495067486864786,0,0.329023998599421,"NH_White"
"2024_posthoc_comparative_evaluation","race_neutral_counselling_logistic",0.79,3.76190476190476,0.781089148471103,"support_or_encourage_planned_TOLAC","TOLAC_supported_and_VBAC_occurs","TOLAC_supported_but_TOLAC_fails",15800,1464,17433,7850,0.241910626567594,-0.0424326263280832,0,0.309709368054988,"NH_White"
"2024_posthoc_comparative_evaluation","race_neutral_counselling_logistic",0.8,4,0.781089148471103,"support_or_encourage_planned_TOLAC","TOLAC_supported_and_VBAC_occurs","TOLAC_supported_but_TOLAC_fails",14719,1319,18514,7995,0.221942792676334,-0.0945542576444874,0,0.284145277284627,"NH_White"
"2024_posthoc_comparative_evaluation","race_neutral_counselling_logistic",0.81,4.26315789473684,0.781089148471103,"support_or_encourage_planned_TOLAC","TOLAC_supported_and_VBAC_occurs","TOLAC_supported_but_TOLAC_fails",13705,1163,19528,8151,0.205583175509931,-0.152162376467882,0,0.263200655024254,"NH_White"
"2024_posthoc_comparative_evaluation","race_neutral_counselling_logistic",0.82,4.55555555555556,0.781089148471103,"support_or_encourage_planned_TOLAC","TOLAC_supported_and_VBAC_occurs","TOLAC_supported_but_TOLAC_fails",12685,1033,20548,8281,0.18753639765697,-0.216171397382764,0,0.240096022360639,"NH_White"
"2024_posthoc_comparative_evaluation","race_neutral_counselling_logistic",0.83,4.88235294117647,0.781089148471103,"support_or_encourage_planned_TOLAC","TOLAC_supported_and_VBAC_occurs","TOLAC_supported_but_TOLAC_fails",11660,913,21573,8401,0.169281306900742,-0.287710891346456,0,0.216724694270932,"NH_White"
"2024_posthoc_comparative_evaluation","race_neutral_counselling_logistic",0.84,5.25,0.781089148471103,"support_or_encourage_planned_TOLAC","TOLAC_supported_and_VBAC_occurs","TOLAC_supported_but_TOLAC_fails",10642,799,22591,8515,0.151532422967542,-0.36819282205561,0,0.194001444347486,"NH_White"
"2024_posthoc_comparative_evaluation","race_neutral_counselling_logistic",0.85,5.66666666666667,0.781089148471103,"support_or_encourage_planned_TOLAC","TOLAC_supported_and_VBAC_occurs","TOLAC_supported_but_TOLAC_fails",9683,704,23550,8610,0.133820637569433,-0.459405676859317,0,0.171325690327887,"NH_White"
"2024_posthoc_comparative_evaluation","race_neutral_counselling_logistic",0.86,6.14285714285715,0.781089148471103,"support_or_encourage_planned_TOLAC","TOLAC_supported_and_VBAC_occurs","TOLAC_supported_but_TOLAC_fails",8766,632,24467,8682,0.114783986784363,-0.563648939492126,0,0.146953759387184,"NH_White"
"2024_posthoc_comparative_evaluation","race_neutral_counselling_logistic",0.87,6.6923076923077,0.781089148471103,"support_or_encourage_planned_TOLAC","TOLAC_supported_and_VBAC_occurs","TOLAC_supported_but_TOLAC_fails",7894,562,25339,8752,0.097137825861355,-0.683929627145366,0,0.124362021993894,"NH_White"
"2024_posthoc_comparative_evaluation","race_neutral_counselling_logistic",0.88,7.33333333333334,0.781089148471103,"support_or_encourage_planned_TOLAC","TOLAC_supported_and_VBAC_occurs","TOLAC_supported_but_TOLAC_fails",7026,494,26207,8820,0.079989971874241,-0.824257096074147,0,0.102408248828975,"NH_White"
"2024_posthoc_comparative_evaluation","race_neutral_counselling_logistic",0.89,8.0909090909091,0.781089148471103,"support_or_encourage_planned_TOLAC","TOLAC_supported_and_VBAC_occurs","TOLAC_supported_but_TOLAC_fails",6213,409,27020,8905,0.0682496575979077,-0.990098650262706,0,0.0873775518857214,"NH_White"
"2024_posthoc_comparative_evaluation","race_neutral_counselling_logistic",0.9,9,0.781089148471103,"support_or_encourage_planned_TOLAC","TOLAC_supported_and_VBAC_occurs","TOLAC_supported_but_TOLAC_fails",5486,351,27747,8963,0.054692457752603,-1.18910851528897,0,0.0700207624951103,"NH_White"
"2024_posthoc_comparative_evaluation","race_inclusive_counselling_logistic",0.2,0.25,0.781089148471103,"support_or_encourage_planned_TOLAC","TOLAC_supported_and_VBAC_occurs","TOLAC_supported_but_TOLAC_fails",33233,9314,0,0,0.726361435588878,0.726361435588878,0,0.929934101645954,"NH_White"
"2024_posthoc_comparative_evaluation","race_inclusive_counselling_logistic",0.21,0.265822784810127,0.781089148471103,"support_or_encourage_planned_TOLAC","TOLAC_supported_and_VBAC_occurs","TOLAC_supported_but_TOLAC_fails",33233,9314,0,0,0.722897656292535,0.722897656292535,0,0.925499551117217,"NH_White"
"2024_posthoc_comparative_evaluation","race_inclusive_counselling_logistic",0.22,0.282051282051282,0.781089148471103,"support_or_encourage_planned_TOLAC","TOLAC_supported_and_VBAC_occurs","TOLAC_supported_but_TOLAC_fails",33233,9314,0,0,0.719345062142439,0.719345062142439,0,0.920951294164666,"NH_White"
"2024_posthoc_comparative_evaluation","race_inclusive_counselling_logistic",0.23,0.298701298701299,0.781089148471103,"support_or_encourage_planned_TOLAC","TOLAC_supported_and_VBAC_occurs","TOLAC_supported_but_TOLAC_fails",33233,9313,0,1,0.715707213321616,0.715700192819614,0,0.916293888761015,"NH_White"
"2024_posthoc_comparative_evaluation","race_inclusive_counselling_logistic",0.24,0.315789473684211,0.781089148471103,"support_or_encourage_planned_TOLAC","TOLAC_supported_and_VBAC_occurs","TOLAC_supported_but_TOLAC_fails",33233,9313,0,1,0.711966828015582,0.71195940588303,0,0.91150520962835,"NH_White"
"2024_posthoc_comparative_evaluation","race_inclusive_counselling_logistic",0.25,0.333333333333333,0.781089148471103,"support_or_encourage_planned_TOLAC","TOLAC_supported_and_VBAC_occurs","TOLAC_supported_but_TOLAC_fails",33232,9312,1,2,0.708111030154888,0.708118864628137,0,0.906568772003731,"NH_White"
"2024_posthoc_comparative_evaluation","race_inclusive_counselling_logistic",0.26,0.351351351351351,0.781089148471103,"support_or_encourage_planned_TOLAC","TOLAC_supported_and_VBAC_occurs","TOLAC_supported_but_TOLAC_fails",33232,9311,1,3,0.704175795416071,0.704174524960949,0,0.901530634236078,"NH_White"
"2024_posthoc_comparative_evaluation","race_inclusive_counselling_logistic",0.27,0.36986301369863,0.781089148471103,"support_or_encourage_planned_TOLAC","TOLAC_supported_and_VBAC_occurs","TOLAC_supported_but_TOLAC_fails",33232,9309,1,5,0.700142083001844,0.700122121193291,0,0.896366419085832,"NH_White"
"2024_posthoc_comparative_evaluation","race_inclusive_counselling_logistic",0.28,0.388888888888889,0.781089148471103,"support_or_encourage_planned_TOLAC","TOLAC_supported_and_VBAC_occurs","TOLAC_supported_but_TOLAC_fails",33231,9306,2,8,0.69598326556514,0.695957150654309,0,0.891042036529955,"NH_White"
"2024_posthoc_comparative_evaluation","race_inclusive_counselling_logistic",0.29,0.408450704225352,0.781089148471103,"support_or_encourage_planned_TOLAC","TOLAC_supported_and_VBAC_occurs","TOLAC_supported_but_TOLAC_fails",33231,9303,2,11,0.691733450033881,0.691674857001553,0,0.88560115242655,"NH_White"
"2024_posthoc_comparative_evaluation","race_inclusive_counselling_logistic",0.3,0.428571428571429,0.781089148471103,"support_or_encourage_planned_TOLAC","TOLAC_supported_and_VBAC_occurs","TOLAC_supported_but_TOLAC_fails",33226,9300,7,14,0.687246708681827,0.687270212101575,0,0.879856940820441,"NH_White"
"2024_posthoc_comparative_evaluation","race_inclusive_counselling_logistic",0.31,0.449275362318841,0.781089148471103,"support_or_encourage_planned_TOLAC","TOLAC_supported_and_VBAC_occurs","TOLAC_supported_but_TOLAC_fails",33225,9297,8,17,0.682729380603139,0.682737896334931,0,0.874073570141779,"NH_White"
"2024_posthoc_comparative_evaluation","race_inclusive_counselling_logistic",0.32,0.470588235294118,0.781089148471103,"support_or_encourage_planned_TOLAC","TOLAC_supported_and_VBAC_occurs","TOLAC_supported_but_TOLAC_fails",33224,9294,9,20,0.678081955042106,0.678072277163386,0,0.868123640392877,"NH_White"
"2024_posthoc_comparative_evaluation","race_inclusive_counselling_logistic",0.33,0.492537313432836,0.781089148471103,"support_or_encourage_planned_TOLAC","TOLAC_supported_and_VBAC_occurs","TOLAC_supported_but_TOLAC_fails",33224,9291,9,23,0.673322110158073,0.673267385777765,0,0.862029784277541,"NH_White"
"2024_posthoc_comparative_evaluation","race_inclusive_counselling_logistic",0.34,0.515151515151515,0.781089148471103,"support_or_encourage_planned_TOLAC","TOLAC_supported_and_VBAC_occurs","TOLAC_supported_but_TOLAC_fails",33220,9281,13,33,0.668410905301873,0.668316891622883,0,0.85574214750034,"NH_White"
"2024_posthoc_comparative_evaluation","race_inclusive_counselling_logistic",0.35,0.538461538461538,0.781089148471103,"support_or_encourage_planned_TOLAC","TOLAC_supported_and_VBAC_occurs","TOLAC_supported_but_TOLAC_fails",33214,9273,19,41,0.663286392785535,0.663214074570927,0,0.849181420691667,"NH_White"
"2024_posthoc_comparative_evaluation","race_inclusive_counselling_logistic",0.36,0.5625,0.781089148471103,"support_or_encourage_planned_TOLAC","TOLAC_supported_and_VBAC_occurs","TOLAC_supported_but_TOLAC_fails",33210,9269,23,45,0.658006146144264,0.657951794486098,0,0.842421313152589,"NH_White"
"2024_posthoc_comparative_evaluation","race_inclusive_counselling_logistic",0.37,0.587301587301587,0.781089148471103,"support_or_encourage_planned_TOLAC","TOLAC_supported_and_VBAC_occurs","TOLAC_supported_but_TOLAC_fails",33205,9259,28,55,0.652623559902569,0.652522457890639,0,0.835530183948924,"NH_White"
"2024_posthoc_comparative_evaluation","race_inclusive_counselling_logistic",0.38,0.612903225806452,0.781089148471103,"support_or_encourage_planned_TOLAC","TOLAC_supported_and_VBAC_occurs","TOLAC_supported_but_TOLAC_fails",33203,9254,30,60,0.647077198119423,0.646917981405004,0,0.828429378882048,"NH_White"
"2024_posthoc_comparative_evaluation","race_inclusive_counselling_logistic",0.39,0.639344262295082,0.781089148471103,"support_or_encourage_planned_TOLAC","TOLAC_supported_and_VBAC_occurs","TOLAC_supported_but_TOLAC_fails",33198,9246,35,68,0.641328952706881,0.641129751591971,0,0.821070109554349,"NH_White"
"2024_posthoc_comparative_evaluation","race_inclusive_counselling_logistic",0.4,0.666666666666667,0.781089148471103,"support_or_encourage_planned_TOLAC","TOLAC_supported_and_VBAC_occurs","TOLAC_supported_but_TOLAC_fails",33193,9237,40,77,0.635414952875643,0.635148580785171,0,0.813498630878946,"NH_White"
"2024_posthoc_comparative_evaluation","race_inclusive_counselling_logistic",0.41,0.694915254237288,0.781089148471103,"support_or_encourage_planned_TOLAC","TOLAC_supported_and_VBAC_occurs","TOLAC_supported_but_TOLAC_fails",33185,9221,48,93,0.629355452574282,0.628964658425598,0,0.805740873248818,"NH_White"
"2024_posthoc_comparative_evaluation","race_inclusive_counselling_logistic",0.42,0.724137931034483,0.781089148471103,"support_or_encourage_planned_TOLAC","TOLAC_supported_and_VBAC_occurs","TOLAC_supported_but_TOLAC_fails",33179,9202,54,112,0.623204521085404,0.62256749736397,0,0.797866059598011,"NH_White"
"2024_posthoc_comparative_evaluation","race_inclusive_counselling_logistic",0.43,0.754385964912281,0.781089148471103,"support_or_encourage_planned_TOLAC","TOLAC_supported_and_VBAC_occurs","TOLAC_supported_but_TOLAC_fails",33170,9187,63,127,0.616716951614706,0.615945874510706,0,0.789560260594917,"NH_White"
"2024_posthoc_comparative_evaluation","race_inclusive_counselling_logistic",0.44,0.785714285714286,0.781089148471103,"support_or_encourage_planned_TOLAC","TOLAC_supported_and_VBAC_occurs","TOLAC_supported_but_TOLAC_fails",33153,9160,80,154,0.610051405336619,0.609087765126969,0,0.781026604364852,"NH_White"
"2024_posthoc_comparative_evaluation","race_inclusive_counselling_logistic",0.45,0.818181818181818,0.781089148471103,"support_or_encourage_planned_TOLAC","TOLAC_supported_and_VBAC_occurs","TOLAC_supported_but_TOLAC_fails",33137,9137,96,177,0.603127664166045,0.601980269947459,0,0.77216239061393,"NH_White"
"2024_posthoc_comparative_evaluation","race_inclusive_counselling_logistic",0.46,0.851851851851852,0.781089148471103,"support_or_encourage_planned_TOLAC","TOLAC_supported_and_VBAC_occurs","TOLAC_supported_but_TOLAC_fails",33120,9104,113,210,0.596158148418002,0.594609534205745,0,0.76323957333797,"NH_White"
"2024_posthoc_comparative_evaluation","race_inclusive_counselling_logistic",0.47,0.886792452830189,0.781089148471103,"support_or_encourage_planned_TOLAC","TOLAC_supported_and_VBAC_occurs","TOLAC_supported_but_TOLAC_fails",33096,9068,137,246,0.588867982178199,0.586960657492646,0,0.753906238911198,"NH_White"
"2024_posthoc_comparative_evaluation","race_inclusive_counselling_logistic",0.48,0.923076923076923,0.781089148471103,"support_or_encourage_planned_TOLAC","TOLAC_supported_and_VBAC_occurs","TOLAC_supported_but_TOLAC_fails",33070,9045,163,269,0.581022615713663,0.579017593213659,0,0.743862101849644,"NH_White"
"2024_posthoc_comparative_evaluation","race_inclusive_counselling_logistic",0.49,0.96078431372549,0.781089148471103,"support_or_encourage_planned_TOLAC","TOLAC_supported_and_VBAC_occurs","TOLAC_supported_but_TOLAC_fails",33041,8996,192,318,0.573431365636249,0.570763036217848,0,0.734143300747013,"NH_White"
"2024_posthoc_comparative_evaluation","race_inclusive_counselling_logistic",0.5,1,0.781089148471103,"support_or_encourage_planned_TOLAC","TOLAC_supported_and_VBAC_occurs","TOLAC_supported_but_TOLAC_fails",33003,8951,230,363,0.565304251768632,0.562178296942205,0,0.723738452742756,"NH_White"
"2024_posthoc_comparative_evaluation","race_inclusive_counselling_logistic",0.51,1.04081632653061,0.781089148471103,"support_or_encourage_planned_TOLAC","TOLAC_supported_and_VBAC_occurs","TOLAC_supported_but_TOLAC_fails",32964,8904,269,410,0.556950464864066,0.553243160145107,0,0.713043403501683,"NH_White"
"2024_posthoc_comparative_evaluation","race_inclusive_counselling_logistic",0.52,1.08333333333333,0.781089148471103,"support_or_encourage_planned_TOLAC","TOLAC_supported_and_VBAC_occurs","TOLAC_supported_but_TOLAC_fails",32919,8841,314,473,0.548599196183045,0.543935725981464,0,0.702351578250534,"NH_White"
"2024_posthoc_comparative_evaluation","race_inclusive_counselling_logistic",0.53,1.12765957446809,0.781089148471103,"support_or_encourage_planned_TOLAC","TOLAC_supported_and_VBAC_occurs","TOLAC_supported_but_TOLAC_fails",32861,8788,372,526,0.539429987063118,0.53423223078958,0,0.690612573633872,"NH_White"
"2024_posthoc_comparative_evaluation","race_inclusive_counselling_logistic",0.54,1.17391304347826,0.781089148471103,"support_or_encourage_planned_TOLAC","TOLAC_supported_and_VBAC_occurs","TOLAC_supported_but_TOLAC_fails",32795,8716,438,598,0.530311747315756,0.524106844502397,0,0.678938823249285,"NH_White"
"2024_posthoc_comparative_evaluation","race_inclusive_counselling_logistic",0.55,1.22222222222222,0.781089148471103,"support_or_encourage_planned_TOLAC","TOLAC_supported_and_VBAC_occurs","TOLAC_supported_but_TOLAC_fails",32726,8625,507,689,0.521407698153415,0.513531441046895,0,0.667539293272751,"NH_White"
"2024_posthoc_comparative_evaluation","race_inclusive_counselling_logistic",0.56,1.27272727272727,0.781089148471103,"support_or_encourage_planned_TOLAC","TOLAC_supported_and_VBAC_occurs","TOLAC_supported_but_TOLAC_fails",32633,8516,600,798,0.512244213351224,0.502475337434324,0,0.655807617291684,"NH_White"
"2024_posthoc_comparative_evaluation","race_inclusive_counselling_logistic",0.57,1.32558139534884,0.781089148471103,"support_or_encourage_planned_TOLAC","TOLAC_supported_and_VBAC_occurs","TOLAC_supported_but_TOLAC_fails",32514,8415,719,899,0.502015008299987,0.490904996444424,0,0.642711538474996,"NH_White"
"2024_posthoc_comparative_evaluation","race_inclusive_counselling_logistic",0.58,1.38095238095238,0.781089148471103,"support_or_encourage_planned_TOLAC","TOLAC_supported_and_VBAC_occurs","TOLAC_supported_but_TOLAC_fails",32356,8291,877,1023,0.491374804557873,0.478783686835958,0,0.629089272997436,"NH_White"
"2024_posthoc_comparative_evaluation","race_inclusive_counselling_logistic",0.59,1.4390243902439,0.781089148471103,"support_or_encourage_planned_TOLAC","TOLAC_supported_and_VBAC_occurs","TOLAC_supported_but_TOLAC_fails",32175,8164,1058,1150,0.480099769150558,0.466071093831957,0,0.614654255650973,"NH_White"
"2024_posthoc_comparative_evaluation","race_inclusive_counselling_logistic",0.6,1.5,0.781089148471103,"support_or_encourage_planned_TOLAC","TOLAC_supported_and_VBAC_occurs","TOLAC_supported_but_TOLAC_fails",31992,8007,1241,1307,0.469633581686135,0.452722871177756,0,0.601254776878404,"NH_White"
"2024_posthoc_comparative_evaluation","race_inclusive_counselling_logistic",0.61,1.56410256410256,0.781089148471103,"support_or_encourage_planned_TOLAC","TOLAC_supported_and_VBAC_occurs","TOLAC_supported_but_TOLAC_fails",31780,7826,1453,1488,0.459241152921083,0.438690124284878,0,0.587949728683337,"NH_White"
"2024_posthoc_comparative_evaluation","race_inclusive_counselling_logistic",0.62,1.63157894736842,0.781089148471103,"support_or_encourage_planned_TOLAC","TOLAC_supported_and_VBAC_occurs","TOLAC_supported_but_TOLAC_fails",31531,7629,1702,1685,0.448531840330136,0.423918811766059,0,0.574238985662634,"NH_White"
"2024_posthoc_comparative_evaluation","race_inclusive_counselling_logistic",0.63,1.7027027027027,0.781089148471103,"support_or_encourage_planned_TOLAC","TOLAC_supported_and_VBAC_occurs","TOLAC_supported_but_TOLAC_fails",31250,7383,1983,1931,0.4390191070098,0.408349049921899,0,0.56206017951873,"NH_White"
"2024_posthoc_comparative_evaluation","race_inclusive_counselling_logistic",0.64,1.77777777777778,0.781089148471103,"support_or_encourage_planned_TOLAC","TOLAC_supported_and_VBAC_occurs","TOLAC_supported_but_TOLAC_fails",30912,7128,2321,2186,0.428702376195736,0.391914301308618,0,0.54885204465441,"NH_White"
"2024_posthoc_comparative_evaluation","race_inclusive_counselling_logistic",0.65,1.85714285714286,0.781089148471103,"support_or_encourage_planned_TOLAC","TOLAC_supported_and_VBAC_occurs","TOLAC_supported_but_TOLAC_fails",30478,6870,2755,2444,0.416467167401428,0.37454042420315,0,0.533187752277211,"NH_White"
"2024_posthoc_comparative_evaluation","race_inclusive_counselling_logistic",0.66,1.94117647058824,0.781089148471103,"support_or_encourage_planned_TOLAC","TOLAC_supported_and_VBAC_occurs","TOLAC_supported_but_TOLAC_fails",29986,6578,3247,2736,0.404656995239866,0.356144554326772,0,0.518067618826786,"NH_White"
"2024_posthoc_comparative_evaluation","race_inclusive_counselling_logistic",0.67,2.03030303030303,0.781089148471103,"support_or_encourage_planned_TOLAC","TOLAC_supported_and_VBAC_occurs","TOLAC_supported_but_TOLAC_fails",29415,6235,3818,3079,0.393824725740019,0.336633783245765,0,0.50419945855206,"NH_White"
"2024_posthoc_comparative_evaluation","race_inclusive_counselling_logistic",0.68,2.125,0.781089148471103,"support_or_encourage_planned_TOLAC","TOLAC_supported_and_VBAC_occurs","TOLAC_supported_but_TOLAC_fails",28814,5912,4419,3402,0.381954074317813,0.315903588972196,0,0.489001895706075,"NH_White"
"2024_posthoc_comparative_evaluation","race_inclusive_counselling_logistic",0.69,2.2258064516129,0.781089148471103,"support_or_encourage_planned_TOLAC","TOLAC_supported_and_VBAC_occurs","TOLAC_supported_but_TOLAC_fails",28099,5505,5134,3809,0.372433672970385,0.293835962810008,0,0.476813272466253,"NH_White"
"2024_posthoc_comparative_evaluation","race_inclusive_counselling_logistic",0.7,2.33333333333333,0.781089148471103,"support_or_encourage_planned_TOLAC","TOLAC_supported_and_VBAC_occurs","TOLAC_supported_but_TOLAC_fails",27326,5118,5907,4196,0.361576609396667,0.270297161570342,0,0.462913369241417,"NH_White"
"2024_posthoc_comparative_evaluation","race_inclusive_counselling_logistic",0.71,2.44827586206897,0.781089148471103,"support_or_encourage_planned_TOLAC","TOLAC_supported_and_VBAC_occurs","TOLAC_supported_but_TOLAC_fails",26505,4700,6728,4614,0.352506720762354,0.24513499472794,0,0.451301521026566,"NH_White"
"2024_posthoc_comparative_evaluation","race_inclusive_counselling_logistic",0.72,2.57142857142857,0.781089148471103,"support_or_encourage_planned_TOLAC","TOLAC_supported_and_VBAC_occurs","TOLAC_supported_but_TOLAC_fails",25528,4274,7705,5040,0.341686001027435,0.218175530253938,0,0.43744814749539,"NH_White"
"2024_posthoc_comparative_evaluation","race_inclusive_counselling_logistic",0.73,2.7037037037037,0.781089148471103,"support_or_encourage_planned_TOLAC","TOLAC_supported_and_VBAC_occurs","TOLAC_supported_but_TOLAC_fails",24576,3882,8657,5432,0.330933373027998,0.189219068411491,0,0.423681949334163,"NH_White"
"2024_posthoc_comparative_evaluation","race_inclusive_counselling_logistic",0.74,2.84615384615385,0.781089148471103,"support_or_encourage_planned_TOLAC","TOLAC_supported_and_VBAC_occurs","TOLAC_supported_but_TOLAC_fails",23570,3475,9663,5839,0.321517742369976,0.158035186427318,0,0.411627460193644,"NH_White"
"2024_posthoc_comparative_evaluation","race_inclusive_counselling_logistic",0.75,3,0.781089148471103,"support_or_encourage_planned_TOLAC","TOLAC_supported_and_VBAC_occurs","TOLAC_supported_but_TOLAC_fails",22529,3108,10704,6206,0.310362657766705,0.12435659388441,0,0.397346011494599,"NH_White"
"2024_posthoc_comparative_evaluation","race_inclusive_counselling_logistic",0.76,3.16666666666667,0.781089148471103,"support_or_encourage_planned_TOLAC","TOLAC_supported_and_VBAC_occurs","TOLAC_supported_but_TOLAC_fails",21369,2754,11864,6560,0.297271252967307,0.0878714519629272,0,0.380585562543255,"NH_White"
"2024_posthoc_comparative_evaluation","race_inclusive_counselling_logistic",0.77,3.34782608695652,0.781089148471103,"support_or_encourage_planned_TOLAC","TOLAC_supported_and_VBAC_occurs","TOLAC_supported_but_TOLAC_fails",20224,2414,13009,6900,0.285386697677556,0.0482136890047937,0,0.365370199081845,"NH_White"
"2024_posthoc_comparative_evaluation","race_inclusive_counselling_logistic",0.78,3.54545454545455,0.781089148471103,"support_or_encourage_planned_TOLAC","TOLAC_supported_and_VBAC_occurs","TOLAC_supported_but_TOLAC_fails",19009,2121,14224,7193,0.270032926154392,0.00495067486864786,0,0.345713324379108,"NH_White"
"2024_posthoc_comparative_evaluation","race_inclusive_counselling_logistic",0.79,3.76190476190476,0.781089148471103,"support_or_encourage_planned_TOLAC","TOLAC_supported_and_VBAC_occurs","TOLAC_supported_but_TOLAC_fails",17807,1850,15426,7464,0.254952786106569,-0.0424326263280832,0,0.326406770092263,"NH_White"
"2024_posthoc_comparative_evaluation","race_inclusive_counselling_logistic",0.8,4,0.781089148471103,"support_or_encourage_planned_TOLAC","TOLAC_supported_and_VBAC_occurs","TOLAC_supported_but_TOLAC_fails",16637,1619,16596,7695,0.238818248055092,-0.0945542576444874,0,0.305750308428369,"NH_White"
"2024_posthoc_comparative_evaluation","race_inclusive_counselling_logistic",0.81,4.26315789473684,0.781089148471103,"support_or_encourage_planned_TOLAC","TOLAC_supported_and_VBAC_occurs","TOLAC_supported_but_TOLAC_fails",15561,1428,17672,7886,0.22265284335713,-0.152162376467882,0,0.285054329320729,"NH_White"
"2024_posthoc_comparative_evaluation","race_inclusive_counselling_logistic",0.82,4.55555555555556,0.781089148471103,"support_or_encourage_planned_TOLAC","TOLAC_supported_and_VBAC_occurs","TOLAC_supported_but_TOLAC_fails",14447,1269,18786,8045,0.20368063553247,-0.216171397382764,0,0.260764902356092,"NH_White"
"2024_posthoc_comparative_evaluation","race_inclusive_counselling_logistic",0.83,4.88235294117647,0.781089148471103,"support_or_encourage_planned_TOLAC","TOLAC_supported_and_VBAC_occurs","TOLAC_supported_but_TOLAC_fails",13311,1115,19922,8199,0.184905550816467,-0.287710891346456,0,0.236727844930889,"NH_White"
"2024_posthoc_comparative_evaluation","race_inclusive_counselling_logistic",0.84,5.25,0.781089148471103,"support_or_encourage_planned_TOLAC","TOLAC_supported_and_VBAC_occurs","TOLAC_supported_but_TOLAC_fails",12245,994,20988,8320,0.165146778856324,-0.36819282205561,0,0.211431408539704,"NH_White"
"2024_posthoc_comparative_evaluation","race_inclusive_counselling_logistic",0.85,5.66666666666667,0.781089148471103,"support_or_encourage_planned_TOLAC","TOLAC_supported_and_VBAC_occurs","TOLAC_supported_but_TOLAC_fails",11173,876,22060,8438,0.145932733212682,-0.459405676859317,0,0.186832365419914,"NH_White"
"2024_posthoc_comparative_evaluation","race_inclusive_counselling_logistic",0.86,6.14285714285715,0.781089148471103,"support_or_encourage_planned_TOLAC","TOLAC_supported_and_VBAC_occurs","TOLAC_supported_but_TOLAC_fails",10103,749,23130,8565,0.129315815451148,-0.563648939492126,0,0.165558330575031,"NH_White"
"2024_posthoc_comparative_evaluation","race_inclusive_counselling_logistic",0.87,6.6923076923077,0.781089148471103,"support_or_encourage_planned_TOLAC","TOLAC_supported_and_VBAC_occurs","TOLAC_supported_but_TOLAC_fails",9138,667,24095,8647,0.109860407766253,-0.683929627145366,0,0.14065028042099,"NH_White"
"2024_posthoc_comparative_evaluation","race_inclusive_counselling_logistic",0.88,7.33333333333334,0.781089148471103,"support_or_encourage_planned_TOLAC","TOLAC_supported_and_VBAC_occurs","TOLAC_supported_but_TOLAC_fails",8162,584,25071,8730,0.0911775996740858,-0.824257096074147,0,0.116731361397807,"NH_White"
"2024_posthoc_comparative_evaluation","race_inclusive_counselling_logistic",0.89,8.0909090909091,0.781089148471103,"support_or_encourage_planned_TOLAC","TOLAC_supported_and_VBAC_occurs","TOLAC_supported_but_TOLAC_fails",7251,513,25982,8801,0.0728691479155671,-0.990098650262706,0,0.0932917171595592,"NH_White"
"2024_posthoc_comparative_evaluation","race_inclusive_counselling_logistic",0.9,9,0.781089148471103,"support_or_encourage_planned_TOLAC","TOLAC_supported_and_VBAC_occurs","TOLAC_supported_but_TOLAC_fails",6358,430,26875,8884,0.0584765083319623,-1.18910851528897,0,0.0748653446875094,"NH_White"
